index,doc_id_th,doc_id_en,Question TH,Question EN,Answer TH ,Answer TH (Friendly),Answer EN,Answer TH (Friendly Emoji),Answer EN (Friendly),Answer EN (Friendly Emoji),Type ,Online/ Offline 
1,doc_id_th_1,doc_id_en_1,สามารถชำระ Bill Payment ด้วยบัตรเครดิตได้หรือไม่,Can I pay the bill with a credit card?,สำหรับการชำระ Bill Payment ลูกค้าสามารถชำระด้วยเงินสดเท่านั้น,สำหรับการชำระ Bill Payment คุณลูกค้าสามารถชำระได้ด้วยเงินสดเท่านั้นค่ะ 😊,"For Lotus Bill Payment, customers can only pay with cash.",สำหรับการชำระ Bill Payment คุณลูกค้าสามารถชำระได้ด้วยเงินสดเท่านั้นค่ะ 😊,"For Lotus Bill Payment , you can only make payment with cash.","For Bill Payment, customers can pay with cash only 😊.",Bill Payment,Offline
2,doc_id_th_2,doc_id_en_2,การจำหน่ายบัตรของขวัญ (Gift card) สามารถซื้อได้ที่ไหน,Where can I purchase gift cards?,"ติดต่อซื้อได้ที่จุดบริการลูกค้าเฉพาะโลตัสไฮเปอร์มาร์เก็ต(สาขาใหญ่)เท่านั้น
โดยบัตรของขวัญที่จำหน่ายมีมูลค่า 100 บาท 300 บาท 500 บาท และ 1,000 บาท","คุณลูกค้าสามารถซื้อบัตรของขวัญได้ที่จุดบริการลูกค้าในโลตัสไฮเปอร์มาร์เก็ต(สาขาใหญ่) 🎁 
โดยมีมูลค่าให้เลือกตั้งแต่ 100, 300, 500 และ 1,000 บาทค่ะ","You can purchase gift cards only at the customer service counter of Lotus's Hypermarket. The gift cards for sale are availabe at the value of 100 baht, 300 baht, 500 baht, and 1,000 baht.","คุณลูกค้าสามารถซื้อบัตรของขวัญได้ที่จุดบริการลูกค้าในโลตัสไฮเปอร์มาร์เก็ต(สาขาใหญ่) 🎁 
โดยมีมูลค่าให้เลือกตั้งแต่ 100, 300, 500 และ 1,000 บาทค่ะ","You can purchase gift cards at the customer service counter in Lotus's Hypermarket. Available values are 100, 300, 500, and 1,000 baht.","Customers can purchase gift cards at the customer service counter in Lotus's hypermarkets (main branches) 🎁 with values available at 100, 300, 500, and 1,000 baht",Gift Card,Offline
3,doc_id_th_3,doc_id_en_3,"ต้องการซื้อบัตรของขวัญมูลค่าเกิน 10,000บาท ขึ้นไป ต้องดำเนินการอย่างไร","What should I do if I want to buy a gift card worth more than 10,000 baht?","สามารถสั่งซื้อผ่านทางอีเมล giftcard_th@lotuss.com หรือติดต่อแผนก Gift Card โทร. 02-797-9000 ต่อ 6415, 5814 เวลาทำการ: จันทร์ – ศุกร์ เวลา 09.00 - 17.00 น. ยกเว้นวันเสาร์-อาทิตย์ และวันหยุดนักขัตฤกษ์ หรือติดต่อหมายเลข 1430 กด 3 ได้ทุกวัน 9:00 - 23:00 น.

หรือสามารถติดต่อจุดบริการลูกค้า โลตัส สาขาต่อไปนี้ พระราม 2, พระราม 3, พระราม 4, สุขุมวิท 50, บางใหญ่, ฟอร์จูน, รามอินทรา, แจ้งวัฒนะ, สุขุมวิท 50, บางนา, ลาดพร้าว","หากคุณลูกค้าสนใจสั่งซื้อบัตรของขวัญมูลค่าเกิน 10,000บาท ขึ้นไป สามารถติดต่อจุดบริการลูกค้า โลตัส สาขาต่อไปนี้ พระราม 2, พระราม 3, พระราม 4, สุขุมวิท 50, บางใหญ่, ฟอร์จูน, รามอินทรา, แจ้งวัฒนะ, สุขุมวิท 50, บางนา, ลาดพร้าว  

📨 อีเมล: giftcard_th@lotuss.com
📞 โทร: 02-797-9000 ต่อ 6415, 5814 (จันทร์-ศุกร์ 09:00 - 17:00 น.)
📲 โทร: 1430 กด 3 (ทุกวัน 09:00 - 23:00 น.)","You can order through email at giftcard_th@lotuss.com or contact the Gift Card department at 02-797-9000, ext. 6415, 5814. during operating hours, which is Monday to Friday from 09:00 a.m. to 5:00 p.m., excluding Saturdays, Sundays, and public holidays. Alternatively, you can contact our Call Center at 1430, press 3 everyday from 9.00 a.m. to 11.00 p.m.

Or you can also contact the following Lotus's stores:  Rama 2, Rama 3, Rama 4, Sukhumvit 50, Bangyai, Fortune, Ramindra, Chaengwattana, Sukhumvit 50, Bangna, and Ladprao.","หากคุณลูกค้าสนใจสั่งซื้อบัตรของขวัญมูลค่าเกิน 10,000บาท ขึ้นไป สามารถติดต่อจุดบริการลูกค้า โลตัส สาขาต่อไปนี้ พระราม 2, พระราม 3, พระราม 4, สุขุมวิท 50, บางใหญ่, ฟอร์จูน, รามอินทรา, แจ้งวัฒนะ, สุขุมวิท 50, บางนา, ลาดพร้าว  

📨 อีเมล: giftcard_th@lotuss.com
📞 โทร: 02-797-9000 ต่อ 6415, 5814 (จันทร์-ศุกร์ 09:00 - 17:00 น.)
📲 โทร: 1430 กด 3 (ทุกวัน 09:00 - 23:00 น.)","If you’re interested in ordering a gift card, you can email giftcard_th@lotuss.com or call 02-797-9000, ext. 6415, 5814 (Mon-Fri, 9:00 AM - 5:00 PM). Alternatively, you can call our Call Center at 1430, press 3 (Daily, 9:00 AM - 11:00 PM).","If you wish to order gift cards valued at over 10,000 baht, please contact the customer service counter at the following Lotus's branches: Rama 2, Rama 3, Rama 4, Sukhumvit 50, Bang Yai, Fortune, Ramintra, Chaengwattana, Sukhumvit 50, Bang Na, and Ladprao.

📨 Email: giftcard_th@lotuss.com
📞 Phone: 02-797-9000 ext. 6415, 5814 (Monday-Friday 9:00 AM - 5:00 PM)
📲 Call: 1430, press 3 (Daily 9:00 AM - 11:00 PM)",Gift Card,Offline
4,doc_id_th_4,doc_id_en_4,การขอใบกำกับภาษีเมื่อซื้อสินค้าที่สาขา,How can I request a tax invoice when purchasing products at store?,"สามารถติดต่อขอใบกำกับภาษีได้ที่จุดบริการลูกค้าภายในวันที่ซื้อสินค้า โดยเตรียมบัตรประชาชน และหมายเลขโทรศัพท์ (มือถือ, 02, หรือรหัสทางไกล) สำหรับการออกใบกำกับภาษีในนามบุคคลธรรมดา หรือใบ ภพ.20 สำหรับการออกใบกำกับภาษีในนามนิติบุคคล บริษัทไม่สามารถออกใบกำกับภาษีย้อนหลังได้",หากคุณลูกค้าต้องการขอใบกำกับภาษี สามารถติดต่อได้ที่จุดบริการลูกค้าภายในวันที่ซื้อสินค้าค่ะ โดยต้องมีหมายเลขบัตรประชาชนและเบอร์โทรศัพท์สำหรับการออกใบกำกับภาษีในนามบุคคลธรรมดา หรือใบ ภพ.20 สำหรับการออกใบกำกับภาษีในนามนิติบุคคล บริษัทไม่สามารถออกใบกำกับภาษีย้อนหลังได้ค่ะ 😊,"You can contact our customer service counter at store to request a tax invoice within the same day of your purchase. Please provide your identification card and phone number for issuance of personal tax invoices or theCertificate of Value Added Tax (ภพ.20) for issuance of corporate tax invoices.
Please note that our company is unable to issue tax invoices retrospectively.",หากคุณลูกค้าต้องการขอใบกำกับภาษี สามารถติดต่อได้ที่จุดบริการลูกค้าภายในวันที่ซื้อสินค้าค่ะ โดยต้องมีหมายเลขบัตรประชาชนและเบอร์โทรศัพท์สำหรับการออกใบกำกับภาษีในนามบุคคลธรรมดา หรือใบ ภพ.20 สำหรับการออกใบกำกับภาษีในนามนิติบุคคล บริษัทไม่สามารถออกใบกำกับภาษีย้อนหลังได้ค่ะ 😊,"If you need a tax invoice, you can contact the customer service counter on the same day as your purchase. Don’t forget to bring your ID card and phone number.","If you would like to request a tax invoice, please visit the customer service counter on the date of purchase. You must provide your ID card number and phone number for individual tax invoices or a Phor Por 20 form for corporate tax invoices. The company cannot issue retrospective tax invoices 😊.",Tax Invoice,Offline
5,doc_id_th_5,doc_id_en_5,เงื่อนไขการเปลี่ยน/คืนสินค้าสำหรับการซื้อจากสาขา,Refund and Return Policy,"กรณีที่ต้องการเปลี่ยน/คืนสินค้า สามารถนำใบเสร็จและสินค้า พร้อมของแถม (ถ้ามี) ติดต่อสาขาที่ซื้อสินค้าภายในระยะเวลา ตามเงื่อนไขที่กำหนด ดังนี้

ประเภทเครื่องใช้ไฟฟ้า สามารถเปลี่ยนคืนสินค้าได้ภายใน 7 วัน
ประเภทอาหารสด สามารถเปลี่ยนคืนสินค้าได้
ประเภทเสื้อผ้า สามารถเปลี่ยนคืนสินค้าได้ภายใน 30 วัน โดยสินค้าต้องไม่ผ่านการซักหรือใช้งาน (ยกเว้นชุดชั้นในและถุงเท้าจะไม่สามารถเปลี่ยนคืนได้)
ประเภทอาหารแห้งสามารถเปลี่ยนคืนสินค้าได้ภายใน 30 วัน
ประเภทประเภทของใช้ทั่วไป สามารถเปลี่ยนคืนสินค้าได้ภายใน 30 วัน","หากคุณลูกค้าต้องการเปลี่ยนหรือคืนสินค้าที่ซื้อจากสาขา กรุณานำใบเสร็จและสินค้าพร้อมของแถม (ถ้ามี)มาติดต่อที่สาขาที่ซื้อสินค้าภายในระยะเวลาที่กำหนดดังนี้

🔌 ประเภทเครื่องใช้ไฟฟ้า สามารถเปลี่ยนคืนสินค้าได้ภายใน 7 วัน
🥬 ประเภทอาหารสด สามารถเปลี่ยนคืนสินค้าได้ภายในวันที่ซื้อ
👕 ประเภทเสื้อผ้า สามารถเปลี่ยนคืนสินค้าได้ภายใน 30 วัน โดยสินค้าต้องไม่ผ่านการซักหรือใช้งาน (ยกเว้นชุดชั้นในและถุงเท้าจะไม่สามารถเปลี่ยนคืนได้)
🍪 ประเภทอาหารแห้งสามารถเปลี่ยนคืนสินค้าได้ภายใน 30 วัน
🪑 ประเภทประเภทของใช้ทั่วไป สามารถเปลี่ยนคืนสินค้าได้ภายใน 30 วันค่ะ","In case you want to exchange/return a product, please bring the receipt, product and premium (if any) and contact the Lotus's store where you have purchased the product within the specified period and conditions set out below.

Electrical appliances can be returned within 7 days.
Fresh food items can be returned.
Clothing items can be returned within 30 days, provided they have not been washed or used (except for underwear and socks, which cannot be returned).
Dry food items can be returned within 30 days.
General merchandise items can be returned within 30 days.","หากคุณลูกค้าต้องการเปลี่ยนหรือคืนสินค้าที่ซื้อจากสาขา กรุณานำใบเสร็จและสินค้าพร้อมของแถม (ถ้ามี)มาติดต่อที่สาขาที่ซื้อสินค้าภายในระยะเวลาที่กำหนดดังนี้

🔌 ประเภทเครื่องใช้ไฟฟ้า สามารถเปลี่ยนคืนสินค้าได้ภายใน 7 วัน
🥬 ประเภทอาหารสด สามารถเปลี่ยนคืนสินค้าได้ภายในวันที่ซื้อ
👕 ประเภทเสื้อผ้า สามารถเปลี่ยนคืนสินค้าได้ภายใน 30 วัน โดยสินค้าต้องไม่ผ่านการซักหรือใช้งาน (ยกเว้นชุดชั้นในและถุงเท้าจะไม่สามารถเปลี่ยนคืนได้)
🍪 ประเภทอาหารแห้งสามารถเปลี่ยนคืนสินค้าได้ภายใน 30 วัน
🪑 ประเภทประเภทของใช้ทั่วไป สามารถเปลี่ยนคืนสินค้าได้ภายใน 30 วันค่ะ","If you need to exchange or return a product, please bring your receipt and product to the store where it was purchased within the specified period. For example, electrical appliances within 7 days, or dry food items within 30 days.","If you would like to exchange or return products purchased in-store, please bring the receipt, product, and any accompanying gifts (if applicable) to the store where the purchase was made within the specified timeframes as follows:

🔌 Electronics: Returns or exchanges within 7 days
🥬 Fresh food: Returns or exchanges on the day of purchase
👕 Clothing: Returns or exchanges within 30 days, provided the items have not been washed or used (underwear and socks cannot be returned or exchanged)
🍪 Dry food: Returns or exchanges within 30 days
🪑 General household items: Returns or exchanges within 30 days.",Return Policy,Offline
6,doc_id_th_6,doc_id_en_6,ต้องการสอบถามเกี่ยวกับบัตรเครดิตโลตัส ต้องติดต่อที่ไหน,Inquiries about Lotus's credit cards,"หากต้องการสอบถามเกี่ยวกับบัตรเครดิตของโลตัส  เช่น ยอดค้างชำระ, waive ค่าธรรมเนียมแนะนำลูกค้าติดต่อที่หมายเลข 1712 กด 1 ",หากคุณลูกค้าต้องการสอบถามเกี่ยวกับบัตรเครดิตโลตัส เช่น สอบถามยอดค้างชำระ หรือค่าธรรมเนียม สามารถติดต่อที่หมายเลข 1712 กด 1 ได้เลยค่ะ,"If you have inquiries about Lotus's credit cards, please contact 1712, press 1 for assistance.",หากคุณลูกค้าต้องการสอบถามยอดค้างชำระ หรือค่าธรรมเนียม สามารถติดต่อที่หมายเลข 1712 กด 1 ได้เลยค่ะ 📞,"If you have any questions about Lotus's credit cards, such as outstanding balances or fees, you can contact us at 1712, press 1 for assistance.","If you need to inquire about outstanding balances or fees, please contact 1712, press 1 📞",Credit Card,Offline
7,doc_id_th_7,doc_id_en_7,เสนอพื้นที่ให้โลตัสเช่า,Offering rental spaces,"ลูกค้าสามารถติดต่อหรือแสดงความจำนงว่าต้องนำเสนอพื้นที่เช่า พร้อมแนบเอกสารสำเนาโฉนดที่ดิน,ขนาดของพื้นที่ที่นำเสนอให้เช่า,พิกัดของจุดที่ตั้ง,เบอร์โทรศัพท์ติดต่อกลับและค่าเช่าที่ต้องการ โดยส่งอีเมลตามเขตพื้นที่ในเว็บไซต์ https://corporate.lotuss.com/property/",หากคุณลูกค้าสนใจเสนอพื้นที่เช่า สามารถส่งเอกสารสำเนาโฉนดที่ดิน ขนาดพื้นที่ พิกัด เบอร์โทร และค่าเช่าที่ต้องการ มาที่อีเมลตามเขตพื้นที่ที่ระบุในเว็บไซต์ https://corporate.lotuss.com/property/ ค่ะ,"Customers can express interest in offering rental spaces by submitting a copy of the land title deed, dimensions of the proposed rental space, the coordinates of the location, a contact phone number, and the desired rental fee. Send the information via email based on the area specified on the website: https://corporate.lotuss.com/property/.",หากคุณลูกค้าสนใจเสนอพื้นที่เช่า สามารถส่งเอกสารสำเนาโฉนดที่ดิน ขนาดพื้นที่ พิกัด เบอร์โทร และค่าเช่าที่ต้องการ มาที่อีเมลตามเขตพื้นที่ที่ระบุในเว็บไซต์ https://corporate.lotuss.com/property/ ค่ะ 🏢,"If you’re interested in offering rental spaces, you can send a copy of the land title deed, space dimensions, coordinates, phone number, and rental fee to the email addresses specified on the website: https://corporate.lotuss.com/property/.","If you are interested in leasing space, please send copies of the land title deed, area size, location, phone number, and desired rental price to the email address specified for each region on the website: https://corporate.lotuss.com/property/ 🏢.",Other,Offline
8,doc_id_th_8,doc_id_en_8,ต้องการสมัครเป็นร้านค้าในโลตัส,Recruit New Shop,ลูกค้าสามารถติดต่อหรือแสดงความจำนงว่าต้องการสมัครร้านค้า ตรวจสอบรายละเอียดเพิ่มเติมได้ที่ เว็บไซต์ https://corporate.lotuss.com/recruit-new-shop/,หากคุณลูกค้าสนใจสมัครร้านค้ากับโลตัส สามารถดูรายละเอียดเพิ่มเติมได้ที่ https://corporate.lotuss.com/recruit-new-shop/ ค่ะ,"Customers interested in becoming a new shop ,please recheck mored details in website: https://corporate.lotuss.com/recruit-new-shop/.",หากคุณลูกค้าสนใจสมัครร้านค้ากับโลตัส สามารถดูรายละเอียดเพิ่มเติมได้ที่ https://corporate.lotuss.com/recruit-new-shop/ ค่ะ 📑,"If you’re interested in becoming a new shop with Lotus, you can find more details at https://corporate.lotuss.com/recruit-new-shop/. Feel free to ask us for more information!","If you are interested in becoming a vendor with Lotus's, you can find more details at https://corporate.lotuss.com/recruit-new-shop/ 📑.

",Other,Offline
9,doc_id_th_9,doc_id_en_9,ต้องการสมัครงาน,Job applications,"กรณีต้องการติดต่อสมัครงาน รบกวนติดต่อผ่านเจ้าหน้าที่ฝ่ายบุคคล  สำนักงานใหญ่ โทร 027979000 ระหว่างเวลาทำการ 09.00น.  16.30 น. วันจ.ศ. เว้นวันหยุดราชการ หรือติดต่อสอบถามข้อมูลในโลตัสสาขาที่ลูกค้าสนใจด้วยตัวเองนะคะ
หรือคลิกที่ลิงก์นี้ เพื่อฝากประวัติสมัครงานไว้ค่ะ https://careers.lotuss.com/",หากคุณลูกค้าต้องการสมัครงานกับโลตัส ติดต่อฝ่ายบุคคลที่เบอร์ 02-797-9000 วันจันทร์ - ศุกร์ เวลา 09:00 - 16:30 น. หรือฝากประวัติสมัครงานได้ที่ https://careers.lotuss.com หรือติดต่อสอบถามข้อมูลในโลตัสสาขาที่ลูกค้าสนใจด้วยตัวเองค่ะ,"For job applications, please contact the HR department at the head office by calling 02-797-9000 during business hours (Monday to Friday, 9:00 AM - 4:30 PM, excluding public holidays). Alternatively, visit the Lotus branch where you are interested in applying. You can also click this link to submit your application: https://careers.lotuss.com/","หากคุณลูกค้าต้องการสมัครงานกับโลตัส:
- ติดต่อฝ่ายบุคคลที่เบอร์ 02-797-9000 (จันทร์ - ศุกร์ 09:00 - 16:30 น.) 📞
- ฝากประวัติสมัครงานที่ https://careers.lotuss.com
- หรือสอบถามข้อมูลในสาขาที่ลูกค้าสนใจด้วยตัวเองค่ะ 📝","If you’d like to apply for a job with Lotus, you can contact the HR department at 02-797-9000 (Mon-Fri, 9:00 AM - 4:30 PM), or submit your application at https://careers.lotuss.com.","If you wish to apply for a job at Lotus's:

Contact HR at 02-797-9000 (Monday-Friday 9:00 AM - 4:30 PM) 📞
Submit your application at https://careers.lotuss.com
Or inquire in person at the branch you are interested in 📝.",Other,Offline
10,doc_id_th_10,doc_id_en_10,เงือนไขการใช้บัตร Gift card ,Condition for Gift Card ,"• บัตรของขวัญใช้ชำระค่าสินค้าที่ห้างโลตัส ได้ทุกสาขา ยกเว้นสินค้าประเภทสุรา บุหรี่และยาสูบ, ศูนย์อาหาร, บิลเพย์เมนท์, ค่าธรรมเนียม, บัตรเติมเงินทุกประเภท, บัตรของขวัญ, โลตัส ช้อปออนไลน์ และร้านค้าในบริเวณพื้นที่เช่าของโลตัส 
• บัตรของขวัญนี้ไม่สามารถแลกเปลี่ยน, คืนหรือทอนเป็นเงินสด, โอนหรือรวมมูลค่าระหว่างบัตร และไม่สามารถนำไปซื้อหรือเติมเงินให้บัตรของขวัญ โลตัส ใบอื่น 
• บัตรของขวัญสามารถใช้ร่วมกับการชำระค่าสินค้าด้วยเงินสด และ/หรือบัตรเครดิตได้ 
• บริษัทฯ ขอสงวนสิทธิ์ในการรับ/คืนบัตรของขวัญ ยกเลิกบัตรของขวัญ รวมถึงไม่ชดเชยความเสียหายกรณีที่บัตรชำรุด หรือมีการเปลี่ยนแปลงที่เกิดขึ้นกับบัตร หรือบัตรสูญหาย   
• บริษัทฯ ขอสงวนสิทธิ์ในการเปลี่ยนแปลงเงื่อนไขโดยไม่ต้องแจ้งให้ทราบล่วงหน้า","เงือนไขการใช้บัตร Gift card มีดังนี้ค่ะ

 • บัตรของขวัญใช้ชำระค่าสินค้าที่โลตัสได้ทุกสาขา ยกเว้นสินค้าประเภทสุรา บุหรี่และยาสูบ, ศูนย์อาหาร, บิลเพย์เมนท์, ค่าธรรมเนียม, บัตรเติมเงินทุกประเภท, บัตรของขวัญ, โลตัส ช้อปออนไลน์ และร้านค้าในบริเวณพื้นที่เช่าของโลตัส 
• บัตรของขวัญนี้ไม่สามารถแลกเปลี่ยน, คืนหรือทอนเป็นเงินสด, โอนหรือรวมมูลค่าระหว่างบัตร และไม่สามารถนำไปซื้อหรือเติมเงินให้บัตรของขวัญ โลตัส ใบอื่น 
• บัตรของขวัญสามารถใช้ร่วมกับการชำระค่าสินค้าด้วยเงินสด และ/หรือบัตรเครดิตได้ 
• บริษัทฯ ขอสงวนสิทธิ์ในการรับ/คืนบัตรของขวัญ ยกเลิกบัตรของขวัญ รวมถึงไม่ชดเชยความเสียหายกรณีที่บัตรชำรุด หรือมีการเปลี่ยนแปลงที่เกิดขึ้นกับบัตร หรือบัตรสูญหาย   
• บริษัทฯ ขอสงวนสิทธิ์ในการเปลี่ยนแปลงเงื่อนไขโดยไม่ต้องแจ้งให้ทราบล่วงหน้าค่ะ","Lotus Gift Cards can be used to pay for products at all Lotus stores, except for the following items:
Alcohol, tobacco, and cigarettes
Food courts
Bill payments
Fees and charges
All types of top-up cards
Gift cards
Lotus Shop Online
Stores located in leased areas within Lotus
• This Gift Card cannot be exchanged, returned, or redeemed for cash, transferred or combined with the value of other cards, nor can it be used to purchase or top-up another Lotus Gift Card.
• The Gift Card can be used in combination with cash and/or credit card payments.
• The company reserves the right to refuse or return the Gift Card, cancel the Gift Card, and is not liable for any damage, changes, or loss of the Gift Card.
• The company reserves the right to change the terms and conditions without prior notice.","เงือนไขการใช้บัตร Gift card 🎁  มีดังนี้ค่ะ

 • บัตรของขวัญใช้ชำระค่าสินค้าที่โลตัสได้ทุกสาขา ยกเว้นสินค้าประเภทสุรา บุหรี่และยาสูบ, ศูนย์อาหาร, บิลเพย์เมนท์, ค่าธรรมเนียม, บัตรเติมเงินทุกประเภท, บัตรของขวัญ, โลตัส ช้อปออนไลน์ และร้านค้าในบริเวณพื้นที่เช่าของโลตัส 
• บัตรของขวัญนี้ไม่สามารถแลกเปลี่ยน, คืนหรือทอนเป็นเงินสด, โอนหรือรวมมูลค่าระหว่างบัตร และไม่สามารถนำไปซื้อหรือเติมเงินให้บัตรของขวัญ โลตัส ใบอื่น 
• บัตรของขวัญสามารถใช้ร่วมกับการชำระค่าสินค้าด้วยเงินสด และ/หรือบัตรเครดิตได้ 
• บริษัทฯ ขอสงวนสิทธิ์ในการรับ/คืนบัตรของขวัญ ยกเลิกบัตรของขวัญ รวมถึงไม่ชดเชยความเสียหายกรณีที่บัตรชำรุด หรือมีการเปลี่ยนแปลงที่เกิดขึ้นกับบัตร หรือบัตรสูญหาย   
• บริษัทฯ ขอสงวนสิทธิ์ในการเปลี่ยนแปลงเงื่อนไขโดยไม่ต้องแจ้งให้ทราบล่วงหน้าค่ะ","Lotus Gift Cards can be used to pay for products at all Lotus stores, except for the following items:
Alcohol, tobacco, and cigarettes
Food courts
Bill payments
Fees and charges
All types of top-up cards
Gift cards
Lotus Shop Online
Stores located in leased areas within Lotus
• This Gift Card cannot be exchanged, returned, or redeemed for cash, transferred or combined with the value of other cards, nor can it be used to purchase or top-up another Lotus Gift Card.
• The Gift Card can be used in combination with cash and/or credit card payments.
• The company reserves the right to refuse or return the Gift Card, cancel the Gift Card, and is not liable for any damage, changes, or loss of the Gift Card.
• The company reserves the right to change the terms and conditions without prior notice.","Gift Card Terms and Conditions 🎁

Gift cards can be used for purchases at all Lotus's branches except for alcohol, cigarettes and tobacco, food courts, bill payments, fees, all types of top-up cards, gift cards, Lotus's online shopping, and shops in rental areas.
Gift cards cannot be exchanged, refunded, redeemed for cash, transferred, combined with other cards, or used to purchase or top-up another Lotus's gift card.
Gift cards can be used in conjunction with cash and/or credit cards for payment.
The company reserves the right to accept/return or cancel gift cards and will not compensate for damaged, altered, or lost cards.
The company reserves the right to amend terms and conditions without prior notice.",Gift Card,Offline
11,doc_id_th_11,doc_id_en_11,บัตร Lotus Gift card มีวันหมดอายุหรือไม่,Lotus Gift Card Expiry date,บัตรของขวัญ โลตัส (Gift Card) ไม่มีวันหมดอายุ,บัตรของขวัญโลตัส (Lotus's Gift Card) ไม่มีวันหมดอายุค่ะ,Lotus Gift Cards have no expiration date.,บัตรของขวัญโลตัส (Lotus's Gift Card 🎁) จะไม่มีวันหมดอายุค่ะ,Lotus Gift Cards have no expiration date.,"Lotus's gift cards have no expiration date 🎁.
",Gift Card,Offline
12,doc_id_th_12,doc_id_en_12,Lotus’s Electronic Coupons (Lotus’s e-Coupons)  มีมูลค่าเท่าไหร่บ้าง,Lotus’s Electronic Coupons (Lotus’s e-Coupons),"- มูลค่า E-Coupons ที่สามารถซือได้  50 / 100 / 200 / 300 / 500 / 1,000 บาท 
- มูลค่าขั้นตํ่าในการสั่งซื้อแต่ละครั้ง 10,000 บาท ","สำหรับ E-Coupons มูลค่าที่สามารถซือได้คือ 50 / 100 / 200 / 300 / 500 / 1,000 บาทค่ะ และการสั่งซื้อแต่ละครั้งต้องมียอดขั้นต่ำ 10,000 บาทค่ะ","Available values: 50, 100, 200, 300, 500, 1,000 THB.
Minimum purchase per order: 10,000 THB.","สำหรับ E-Coupons มูลค่าที่สามารถซือได้คือ 50 / 100 / 200 / 300 / 500 / 1,000 บาทค่ะ และการสั่งซื้อแต่ละครั้งต้องมียอดขั้นต่ำ 10,000 บาทค่ะ ","Available values: 50, 100, 200, 300, 500, 1,000 THB.
Minimum purchase per order: 10,000 THB.","For E-Coupons, the available values are 50 / 100 / 200 / 300 / 500 / 1,000 THB, with a minimum order value of 10,000 THB per purchase.",E-Coupon,Offline
13,doc_id_th_13,doc_id_en_13,เงื่อนไขการใช้งาน E-Coupon,Condition of E-Coupon,"E-Coupons ใช้สําหรับชําระค่าสินค้าแทนเงินสด มีอายุ 1 ปี นับจากวันที่กําหนด และไม่สามารถต่ออายุ หรือ แลกเปลี่ยนคืนเป็นเงินได้ทุกกรณี 
• รูปแบบ E-Coupons จะเป็นรหัสตัวเลข 22 หลัก ผู้ซื้อจะต้องนํารหัสตัวเลข 22 หลัก ไปสร้างเป็นรหัสบาร์โค้ด และส่งรหัสบาร์โค้ดนั้นให้แก่ลูกค้าของผู้ซื้อผ่านอุปกรณ์อิเล็กทรอนิกส์เท่านั้น โดยห้ามส่งด้วยวิธีอื่นเด็ดขาด เช่น ภาพถ่าย หรือพิมพ์บนกระดาษ 
• ผู้ซื้อต้องแสดงเงื่อนไขการใช้ E-Coupons ให้ลูกค้าของผู้ซื้อทราบก่อนได้รับ E-Coupons  
• กรณีใช้รหัสบาร์โค้ดผิดเงื่อนไขหรือผิดข้อตกลงที่แจ้งไว้ บริษัทฯ สามารถยกเลิกรหัสบาร์โค้ดได้ทันที ","E-Coupons ใช้สําหรับชําระค่าสินค้าแทนเงินสด มีอายุ 1 ปี นับจากวันที่กําหนด และไม่สามารถต่ออายุ หรือ แลกเปลี่ยนคืนเป็นเงินได้ทุกกรณี 
• รูปแบบ E-Coupons จะเป็นรหัสตัวเลข 22 หลัก ผู้ซื้อจะต้องนํารหัสตัวเลข 22 หลัก ไปสร้างเป็นรหัสบาร์โค้ด และส่งรหัสบาร์โค้ดนั้นให้แก่ลูกค้าของผู้ซื้อผ่านอุปกรณ์อิเล็กทรอนิกส์เท่านั้น ห้ามส่งด้วยวิธีอื่นเด็ดขาด เช่น ภาพถ่าย หรือพิมพ์บนกระดาษ 
• ผู้ซื้อต้องแสดงเงื่อนไขการใช้ E-Coupons ให้ลูกค้าของผู้ซื้อทราบก่อนได้รับ E-Coupons  
• กรณีใช้รหัสบาร์โค้ดผิดเงื่อนไขหรือผิดข้อตกลงที่แจ้งไว้ บริษัทฯ สามารถยกเลิกรหัสบาร์โค้ดได้ทันทีค่ะ","E-Coupons are valid for 1 year from the issue date and cannot be renewed or refunded.
E-Coupons are issued as a 22-digit numeric code, which must be converted into a barcode and sent to customers electronically.
Customers must be informed of the terms before receiving the E-Coupons.
Lotus reserves the right to cancel barcodes that violate terms or agreements.","E-Coupons ใช้สําหรับชําระค่าสินค้าแทนเงินสด มีอายุ 1 ปี นับจากวันที่กําหนด และไม่สามารถต่ออายุ หรือ แลกเปลี่ยนคืนเป็นเงินได้ทุกกรณี 
• รูปแบบ E-Coupons จะเป็นรหัสตัวเลข 22 หลัก ผู้ซื้อจะต้องนํารหัสตัวเลข 22 หลัก ไปสร้างเป็นรหัสบาร์โค้ด และส่งรหัสบาร์โค้ดนั้นให้แก่ลูกค้าของผู้ซื้อผ่านอุปกรณ์อิเล็กทรอนิกส์เท่านั้น ห้ามส่งด้วยวิธีอื่นเด็ดขาด เช่น ภาพถ่าย หรือพิมพ์บนกระดาษ 
• ผู้ซื้อต้องแสดงเงื่อนไขการใช้ E-Coupons ให้ลูกค้าของผู้ซื้อทราบก่อนได้รับ E-Coupons  
• กรณีใช้รหัสบาร์โค้ดผิดเงื่อนไขหรือผิดข้อตกลงที่แจ้งไว้ บริษัทฯ สามารถยกเลิกรหัสบาร์โค้ดได้ทันทีค่ะ 😊","E-Coupons are valid for 1 year from the issue date and cannot be renewed or refunded.
E-Coupons are issued as a 22-digit numeric code, which must be converted into a barcode and sent to customers electronically.
Customers must be informed of the terms before receiving the E-Coupons.
Lotus reserves the right to cancel barcodes that violate terms or agreements.","E-Coupons Terms and Conditions:

E-Coupons are valid for one year from the specified date and cannot be extended or refunded under any circumstances.
E-Coupons are 22-digit numeric codes that must be converted into barcode format and sent electronically to customers. Sending via other means, such as photos or printed paper, is strictly prohibited.
Buyers must inform customers of the E-Coupons terms and conditions before providing them.
In case of misuse or violation of terms, the company reserves the right to cancel the barcode immediately 😊.",E-Coupon,Offline
14,doc_id_th_14,doc_id_en_14,ติดต่อส่วนงานบริการลูกค้า ,Contact channels for Customer Service ,"ติดต่อส่วนงานบริการลูกค้าได้ตามช่องทางดังนี้
Inbox FB Lotus's Official
E-mail customer-service@lotuss.com
https://corporate.lotuss.com/contact-us/
โทรศัพท์ที่หมายเลข 1430 
กด 1 สมาชิก My Lotus
กด 2 Lotus Shop Online
กด 3 จ่ายบิล เติมเงิน ฝากเงิน ส่งพัสดุ ซื้อบัตรของขวัญ
กด 4 ลูกค้าสัมพันธ์
กด 5 ลูกค้ากลุ่มธุรกิจ 
","คุณลูกค้าสามารถติดต่อส่วนงานบริการลูกค้าได้ตามช่องทางดังนี้ค่ะ
Inbox FB Lotus's Official
E-mail customer-service@lotuss.com
https://corporate.lotuss.com/contact-us/
โทรศัพท์ที่หมายเลข 1430 
กด 1 สมาชิก My Lotus
กด 2 Lotus Shop Online
กด 3 จ่ายบิล เติมเงิน ฝากเงิน ส่งพัสดุ ซื้อบัตรของขวัญ
กด 4 ลูกค้าสัมพันธ์
กด 5 ลูกค้ากลุ่มธุรกิจ 

สำหรับลูกค้าช้อปออนไลน์สามารถติดต่อส่วนงานบริการลูกค้าได้ตามช่องทางดังนี้ค่ะ
- Inbox FB Lotus's Shop Online
- อีเมล shoponline@lotuss.com
- เว็บไซต์ https://corporate.lotuss.com/contact-us/
- โทรศัพท์ที่หมายเลข 1430 กด 2","Contact channels:

1.Inbox FB Lotus's Official
2.E-mail customer-service@lotuss.com
3.https://corporate.lotuss.com/contact-us/
4.Call center 1430 
","คุณลูกค้าสามารถติดต่อส่วนงานบริการลูกค้าได้ตามช่องทางดังนี้ค่ะ
- Inbox FB Lotus's Official 💬
- อีเมล: customer-service@lotuss.com 📧
- เว็บไซต์: https://corporate.lotuss.com/contact-us/ 🌐
- โทรศัพท์: 1430
กด 1: สมาชิก My Lotus
กด 2: Lotus Shop Online
กด 3: จ่ายบิล/เติมเงิน/ฝากเงิน/ส่งพัสดุ/ซื้อบัตรของขวัญ
กด 4: ลูกค้าสัมพันธ์
กด 5: ลูกค้ากลุ่มธุรกิจ ☎️

สำหรับลูกค้าช้อปออนไลน์สามารถติดต่อส่วนงานบริการลูกค้าได้ตามช่องทางดังนี้ค่ะ
- Inbox FB Lotus's Shop Online 💬
- อีเมล: shoponline@lotuss.com 📧
- เว็บไซต์: https://corporate.lotuss.com/contact-us/ 🌐
- โทรศัพท์: 1430 กด 2 ☎️","Contact channels:

1.Inbox FB Lotus's Official
2.E-mail customer-service@lotuss.com
3.https://corporate.lotuss.com/contact-us/
4.Call center 1430 
","Customer can contact customer service by following channels:

Facebook Inbox: Lotus's Official 💬
Email: customer-service@lotuss.com 📧
Website: Contact Us 🌐
Phone: 1430
Press 1: My Lotus Members
Press 2: Lotus Shop Online
Press 3: Bill payment, top-ups, deposits, parcel delivery, gift cards
Press 4: Customer Relations
Press 5: Business Group Customers ☎️
For online shopping inquiries:

Facebook Inbox: Lotus's Shop Online 💬
Email: shoponline@lotuss.com 📧
Website: Contact Us 🌐
Phone: 1430, press 2 ☎️
",General,O2O Shop Online
15,doc_id_th_15,doc_id_en_15,สอบถามคูปองที่กดแลกผ่านแอปแล้วเช็คได้ที่ไหน,How to check the coupons redeemed through the app,ลูกค้าสามารถตรวจสอบคูปองที่กดแลกผ่านแอปได้ด้วยตนเองผ่าน Application my Lotus's ที่เมนูมายโลตัส > คูปองของฉัน > คูปองที่แลกมา ,คุณลูกค้าสามารถตรวจสอบคูปองที่แลกผ่านแอป My Lotus's ได้ที่เมนู My Lotus’s > คูปองของฉัน > คูปองที่แลกมาค่ะ,Customers can check the coupons redeemed through the app by accessing the my Lotus’s Application  My Lotus’s menu > My Coupons > Redeemed Coupons.,"คุณลูกค้าสามารถตรวจสอบคูปองที่แลกได้ในแอป My Lotus's ที่เมนู:
My Lotus’s > คูปองของฉัน > คูปองที่แลกมา ค่ะ 📱",Customers can check the coupons redeemed through the app by accessing the my Lotus’s Application  My Lotus’s menu > My Coupons > Redeemed Coupons.,"You can check your redeemed coupons via the My Lotus’s app:
Menu: My Lotus’s > My Coupons > Redeemed Coupons 📱",Loyalty Program,My Lotus's
16,doc_id_th_16,doc_id_en_16,My Lotus's คืออะไร,What is My Lotus’s?,มายโลตัส คือ ระบบสมาชิกของโลตัส ที่เพิ่มเติมสิทธิพิเศษที่เหนือกว่าให้กับลูกค้าสมาชิก รับสิทธิประโยชน์สำหรับสมาชิก และสะสม โลตัสคอยน์ (คะแนนสะสมของโลตัส) จากการใช้จ่ายกับโลตัส ลูกค้าสามารถนำโลตัสคอยน์ไปแลกเป็นส่วนลดแทนเงินสดเมื่อซื้อสินค้าที่โลตัส (ยกเว้นสินค้าที่ไม่ร่วมรายการ) สะสมไปแลกเป็นสิทธิพิเศษ พริวีเลจดีลกับพาร์ทเนอร์ที่ร่วมรายการ หรือคูปองเงินสดของโลตัสผ่านโลตัส สมาร์ท แอป,มายโลตัสคือระบบสมาชิกของโลตัสที่ให้สิทธิพิเศษเพิ่มเติมโดย คุณลูกค้าสามารถสะสมโลตัสคอยน์และแลกเป็นส่วนลด หรือใช้สำหรับดีลพิเศษกับพาร์ทเนอร์ที่ร่วมรายการได้ค่ะ,"My Lotus's is the loyalty program of Lotus's that offers additional privileges to members. Members can enjoy benefits and earn Lotus's Coins by making purchases at Lotus's. Members can redeem coins as discounts  when purchasing products at Lotus's (excluding non-participating items). The coins can also be exchanged for special privileges, exclusive deals with  participating partners, or cash vouchers on  Lotus's SMART App.",💎 มายโลตัสคือระบบสมาชิกของโลตัสที่ให้สิทธิพิเศษเพิ่มเติมโดย คุณลูกค้าสามารถสะสมโลตัสคอยน์และแลกเป็นส่วนลด หรือใช้สำหรับดีลพิเศษกับพาร์ทเนอร์ที่ร่วมรายการได้ค่ะ 😊,"My Lotus's is the loyalty program of Lotus's that offers additional privileges to members. Members can enjoy benefits and earn Lotus's Coins by making purchases at Lotus's. Members can redeem coins as discounts  when purchasing products at Lotus's (excluding non-participating items). The coins can also be exchanged for special privileges, exclusive deals with  participating partners, or cash vouchers on  Lotus's SMART App.","My Lotus's is a membership system offering additional benefits, allowing customers to collect Lotus Coins to redeem discounts or special deals with participating partners 😊.",Loyalty Program,My Lotus's
17,doc_id_th_17,doc_id_en_17,สมัครสมาชิก MyLotus's ได้อย่างไร,How can I register My Lotus's membership?,"สามารถดำเนินการสมัครสมาชิก ได้ 2 ช่องทาง ดังนี้

สมัครผ่านช่องทางออนไลน์ โดยการโหลดโลตัสสมาร์ทแอป หรือ เข้าไปที่เว็บไซต์โลตัส mylotussregister.lotuss.com ใส่เบอร์โทรศัพท์มือถือและกรอกรหัส OTP และกรอกข้อมูลให้ครบถ้วน
สมัครผ่านทางสาขา ผ่านแคชเชียร์ที่โลตัสทุกสาขาด้วยบัตรประชาชน และ แจ้งเบอร์โทรศัพท์","คุณลูกค้าสามารถสมัครสมาชิกมายโลตัสได้ 2 ช่องทางค่ะ
1.สมัครออนไลน์ผ่าน Lotus's SMART App หรือเว็บไซต์ mylotussregister.lotuss.com
2.สมัครที่สาขาผ่านแคชเชียร์ด้วยบัตรประชาชนและเบอร์โทรศัพท์ค่ะ","There are 2 ways to apply for membership as follows:

Apply online by downloading the Lotus's SMART App or visiting the website mylotussregister.lotuss.com and enter your mobile phone number, fill in the OTP code and complete the required information.
Apply in-store by providing your ID card and phone number to the cashier.","คุณลูกค้าสามารถสมัครสมาชิกได้ 2 ช่องทางค่ะ:
1. ออนไลน์: ผ่าน Lotus's SMART App หรือเว็บไซต์ mylotussregister.lotuss.com 📲
2. ที่สาขา: สมัครผ่านแคชเชียร์ด้วยบัตรประชาชนและเบอร์โทรศัพท์ค่ะ 🏬","There are 2 ways to apply for membership as follows:

Apply online by downloading the Lotus's SMART App or visiting the website mylotussregister.lotuss.com and enter your mobile phone number, fill in the OTP code and complete the required information.
Apply in-store by providing your ID card and phone number to the cashier.","Membership can be registered via:

Online: Through Lotus's SMART App or My Lotus's Register 📲
In-Store: At the cashier with your ID card and phone number 🏬

",Membership,My Lotus's
18,doc_id_th_18,doc_id_en_18,สมาชิกมีวันหมดอายุหรือไม่,Does My Lotus's membership have an expiration date?,สมาชิกมายโลตัส ไม่มีวันหมดอายุ,สมาชิกมายโลตัสของคุณลูกค้าไม่มีวันหมดอายุค่ะ,My Lotus's membership has no expiration date.,"สมาชิก My Lotus’s ไม่มีวันหมดอายุค่ะ 😊
",My Lotus's membership has no expiration date.,"My Lotus's membership has no expiration date 😊.
",Membership,My Lotus's
19,doc_id_th_19,doc_id_en_19,สมัครสมาชิกไม่สำเร็จต้องทำอย่างไร,What should I do if I failed to register My Lotus's membership?,สามารถติดต่อศูนย์บริการสมาชิกโลตัส ที่ 1430 กด 1 ได้ทุกวัน 9:00 - 23:00 น. เพื่อตรวจสอบข้อมูลเพิ่มเติม,คุณลูกค้าสามารถติดต่อศูนย์บริการสมาชิกมายโลตัส โทร 1430 กด 1 ได้ทุกวัน เวลา 9:00 - 23:00 น. หากต้องการข้อมูลเพิ่มเติมค่ะ,Please contact Lotus’s Call Center 1430 press 1 everyday from 9:00 a.m. to 11:00 p.m. to check more information.,คุณลูกค้าสามารถติดต่อศูนย์บริการสมาชิก My Lotus’s โทร 1430 กด 1 ได้ทุกวัน เวลา 9:00 - 23:00 น. ค่ะ ☎️,Please contact Lotus’s Call Center 1430 press 1 everyday from 9:00 a.m. to 11:00 p.m. to check more information.,"For support, you can contact the My Lotus's Member Center at 1430, press 1, available daily from 9:00 AM to 11:00 PM ☎️.
",Membership,My Lotus's
20,doc_id_th_20,doc_id_en_20,แก้ไขข้อมูลสมาชิกมายโลตัสได้อย่างไร,How can I update my My Lotus’s membership information?,"สมาชิกมายโลตัสสามารถแก้ข้อมูลส่วนตัว รวมถึงเบอร์มือถือสมาชิก ได้ผ่านทาง 1) โลตัส สมาร์ท แอปที่เมนูโปรไฟล์> แก้ไขโปรไฟล์ของฉัน 2) โลตัส website (https://www.lotuss.com) 3) Line Lotus’s, Lotus’s Go Fresh และ Line สาขา หรือติดต่อศูนย์บริการสมาชิกมายโลตัส

หมายเหตุ : สมาชิกไม่สามารถแก้ไขหมายเลขบัตรประชาชนด้วยตนเอง หากต้องการเปลี่ยนข้อมูลหมายเลขบัตรประชาชน ติดต่อศูนย์บริการสมาชิกมายโลตัส โทร 1430 กด 1 ได้ทุกวันเวลา 9.00 – 23.00 น.","คุณลูกค้าสามารถแก้ไขข้อมูลส่วนตัวและเบอร์มือถือสมาชิกมายโลตัสได้ง่าย ๆ ดังนี้:

ผ่านโลตัส สมาร์ท แอป:

เพียงเข้าไปที่เมนู ""โปรไฟล์"" แล้วเลือก ""แก้ไขโปรไฟล์ของฉัน""
ปรับแก้ข้อมูลส่วนตัวตามต้องการได้

ผ่านเว็บไซต์โลตัส:

เข้าสู่เว็บไซต์ https://www.lotuss.com
ลงชื่อเข้าใช้บัญชี แล้วเลือกเมนูสำหรับแก้ไขข้อมูลส่วนตัว

ผ่าน Line Official:

คุณลูกค้าสามารถใช้ Line OA ของ Lotus’s, Lotus’s Go Fresh หรือ Line สาขา
กดเลือกเมนูที่เกี่ยวข้องเพื่อแก้ไขข้อมูลส่วนตัว

หมายเหตุ:
คุณลูกค้าไม่สามารถเปลี่ยนหมายเลขบัตรประชาชนได้ด้วยตนเอง กรุณาติดต่อศูนย์บริการสมาชิกมายโลตัส โทร 1430 กด 1 ได้ทุกวันตั้งแต่เวลา 9:00 – 23:00 น. ค่ะ","Members can update personal information including mobile number through 1) the Lotus's Smart App, 2) Lotus's website (https://www.lotuss.com), 3) LineOA Lotus’s, Lotus’s Go Fresh and  all Lotus's branches

Note: Members cannot change their ID card number by themselves. If you need to change your  ID card number, please contact Lotus’s Call Center 1430 press 1 from 9:00AM to 11:00PM everyday","คุณลูกค้าสามารถแก้ไขข้อมูลส่วนตัวและเบอร์มือถือสมาชิกมายโลตัสได้ง่าย ๆ ดังนี้:

ผ่านโลตัส สมาร์ท แอป:

เพียงเข้าไปที่เมนู ""โปรไฟล์"" แล้วเลือก ""แก้ไขโปรไฟล์ของฉัน""
ปรับแก้ข้อมูลส่วนตัวตามต้องการได้ 📱

ผ่านเว็บไซต์โลตัส:

เข้าสู่เว็บไซต์ https://www.lotuss.com
ลงชื่อเข้าใช้บัญชี แล้วเลือกเมนูสำหรับแก้ไขข้อมูลส่วนตัว

ผ่าน Line Official:

คุณลูกค้าสามารถใช้ Line OA ของ Lotus’s, Lotus’s Go Fresh หรือ Line สาขา
กดเลือกเมนูที่เกี่ยวข้องเพื่อแก้ไขข้อมูลส่วนตัว

หมายเหตุ :
คุณลูกค้าไม่สามารถเปลี่ยนหมายเลขบัตรประชาชนได้ด้วยตนเอง กรุณาติดต่อศูนย์บริการสมาชิกมายโลตัส โทร 1430 กด 1 ได้ทุกวันตั้งแต่เวลา 9:00 – 23:00 น. ค่ะ","Members can update personal information including mobile number through 1) the Lotus's Smart App, 2) Lotus's website (https://www.lotuss.com), 3) LineOA Lotus’s, Lotus’s Go Fresh and  all Lotus's branches

Note: Members cannot change their ID card number by themselves. If you need to change your  ID card number, please contact Lotus’s Call Center 1430 press 1 from 9:00AM to 11:00PM everyday","You can easily update your personal information and mobile number as a My Lotus’s member using the following methods:

Via Lotus's SMART App:

Go to the ""Profile"" menu and select ""Edit My Profile.""
Update your personal information as needed 📱.
Via Lotus's Website:

Visit https://www.lotuss.com.
Log in to your account and select the menu for updating personal information.
Via Line Official:

Use the Line OA for Lotus’s, Lotus’s Go Fresh, or branch-specific Line accounts.
Select the relevant menu to update your personal information.
Note:
ID card numbers cannot be updated by yourself. For assistance, please contact the My Lotus’s Member Center at 1430, press 1, available daily from 9:00 AM to 11:00 PM.",Membership,My Lotus's
21,doc_id_th_21,doc_id_en_21,โลตัสคอยน์ คืออะไร,What is Lotus's Coin?,โลตัสคอยน์ คือคะแนนสะสมของสมาชิกมายโลตัส เมื่อซื้อสินค้าที่ร่วมรายการกับโลตัส 50 บาทขึ้นไป รับ 0.5% โลตัสคอยน์ กับทุกๆบาทที่ช้อป โดย 1 โลตัสคอยน์ มีมูลค่า 1 บาท ใช้แลกเป็นส่วนลดแทนเงินสดในการซื้อสินค้าที่ร่วมรายการในโลตัส ทุกสาขา และ โลตัสช้อปออนไลน์ หรือ แลกรับ สิทธิพิเศษ พริวีเลจดีล คูปองส่วนลด คูปองเงินสด จากร้านค้าและบริการ ผ่านโลตัส สมาร์ท แอป,"โลตัสคอยน์คืออะไร

โลตัสคอยน์เป็นคะแนนสะสมพิเศษที่คุณลูกค้าจะได้รับเมื่อซื้อสินค้าที่ร่วมรายการกับโลตัส ซึ่งสามารถสะสมและใช้แลกเป็นสิทธิพิเศษได้ โดยมีรายละเอียดดังนี้ค่ะ

การสะสมคะแนน:

ทุก ๆ การซื้อสินค้าที่ร่วมรายการครบ 50 บาท คุณลูกค้าจะได้รับ 0.5% เป็นโลตัสคอยน์
ตัวอย่างเช่น หากคุณลูกค้าซื้อสินค้ามูลค่า 1,000 บาท จะได้รับ 5 โลตัสคอยน์

การใช้โลตัสคอยน์:

โลตัสคอยน์สามารถนำไปใช้แทนเงินสดเพื่อรับส่วนลดในการซื้อสินค้าที่ร่วมรายการที่โลตัสทุกสาขา หรือ โลตัสช้อปออนไลน์
นอกจากนี้ คุณลูกค้ายังสามารถใช้โลตัสคอยน์แลกสิทธิพิเศษ เช่น พริวิเลจดีล คูปองส่วนลด คูปองเงินสด และข้อเสนอจากพาร์ทเนอร์ต่าง ๆ ผ่าน โลตัส สมาร์ท แอป

การตรวจสอบยอดโลตัสคอยน์:

คุณลูกค้าสามารถเช็คยอดสะสมได้ตลอดเวลาผ่านช่องทางดังนี้ค่ะ

Lotus Smart App: เข้าเมนู ""มายโลตัส""
ใบเสร็จรับเงิน: ดูได้ที่ท้ายใบเสร็จ
Line Official: กดเมนู ""สมาชิกมายโลตัส""
ศูนย์บริการลูกค้า: โทร 1430 กด 1 ได้ทุกวันตั้งแต่เวลา 9:00 – 23:00 น. ค่ะ
หมายเหตุ:
โลตัสคอยน์ 1 เหรียญ มีมูลค่าเท่ากับ 1 บาท ใช้เป็นส่วนลดแทนเงินสดได้เลยค่ะ
","Lotus' Coins are points accumulated by members of My Lotus’s when they purchase participating products from Lotus’s.

For 50 baht or more, receiving 0.5% Lotus coins with every baht spent, where 1 Lotus coin is equivalent to 1 baht. They can be used to redeem for discounts when purchasing participating products at all Lotus’s stores and Lotus’s shop online, or to redeem special privileges, deals, discount coupons, and cash coupons from shops and services via the Lotus’s Smart App.","โลตัสคอยน์คืออะไร

โลตัสคอยน์เป็นคะแนนสะสมพิเศษที่คุณลูกค้าจะได้รับเมื่อซื้อสินค้าที่ร่วมรายการกับโลตัส ซึ่งสามารถสะสมและใช้แลกเป็นสิทธิพิเศษได้ โดยมีรายละเอียดดังนี้ค่ะ

การสะสมคะแนน:

ทุก ๆ การซื้อสินค้าที่ร่วมรายการครบ 50 บาท คุณลูกค้าจะได้รับ 0.5% เป็นโลตัสคอยน์
ตัวอย่างเช่น หากคุณลูกค้าซื้อสินค้ามูลค่า 1,000 บาท จะได้รับ 5 โลตัสคอยน์

การใช้โลตัสคอยน์:

โลตัสคอยน์สามารถนำไปใช้แทนเงินสดเพื่อรับส่วนลดในการซื้อสินค้าที่ร่วมรายการที่โลตัสทุกสาขา หรือ โลตัสช้อปออนไลน์
นอกจากนี้ คุณลูกค้ายังสามารถใช้โลตัสคอยน์แลกสิทธิพิเศษ เช่น พริวิเลจดีล คูปองส่วนลด คูปองเงินสด และข้อเสนอจากพาร์ทเนอร์ต่าง ๆ ผ่าน โลตัส สมาร์ท แอป

การตรวจสอบยอดโลตัสคอยน์:

คุณลูกค้าสามารถเช็คยอดสะสมได้ตลอดเวลาผ่านช่องทางดังนี้ค่ะ

Lotus Smart App: เข้าเมนู ""มายโลตัส""
ใบเสร็จรับเงิน: ดูได้ที่ท้ายใบเสร็จ
Line Official: กดเมนู ""สมาชิกมายโลตัส""
ศูนย์บริการลูกค้า: โทร 1430 กด 1 ได้ทุกวันตั้งแต่เวลา 9:00 – 23:00 น. ค่ะ
หมายเหตุ:
โลตัสคอยน์ 1 เหรียญ มีมูลค่าเท่ากับ 1 บาท ใช้เป็นส่วนลดแทนเงินสดได้เลยค่ะ 😊
","Lotus' Coins are points accumulated by members of My Lotus’s when they purchase participating products from Lotus’s.

For 50 baht or more, receiving 0.5% Lotus coins with every baht spent, where 1 Lotus coin is equivalent to 1 baht. They can be used to redeem for discounts when purchasing participating products at all Lotus’s stores and Lotus’s shop online, or to redeem special privileges, deals, discount coupons, and cash coupons from shops and services via the Lotus’s Smart App.","Lotus Coins are special loyalty points earned from purchasing eligible items at Lotus’s. These points can be accumulated and redeemed for exclusive benefits.

For every 50 THB spent on eligible purchases, you will earn 0.5% as Lotus Coins.
Example: A purchase of 1,000 THB will earn 5 Lotus Coins.

Lotus Coins can be used as cash discounts on eligible items at all Lotus’s branches or through Lotus’s online shopping. Additionally, Lotus Coins can be redeemed for special deals, discount coupons, cash vouchers, and partner offers via the Lotus’s SMART App.

You can check your Lotus Coins balance via the following methods:

Lotus's SMART App: Navigate to the ""My Lotus’s"" menu.
Receipts: Check the bottom of your receipt.
Line Official: Select the ""My Lotus’s Membership"" menu.
Customer Service: Call 1430, press 1, available daily from 9:00 AM to 11:00 PM.
Note:
1 Lotus Coin = 1 THB and can be used as a cash discount 😊.",General,My Lotus's
22,doc_id_th_22,doc_id_en_22,วิธีและช่องทางการสะสมโลตัสคอยน์,How and where can I earn Lotus’s Coins?,สามารถสะสมคอยน์ได้จากการซื้อสินค้าที่โลตัสทุกสาขา โลตัสช้อปออนไลน์ ซีพีเฟรชมาร์ท และ Lotus's official store ในช้อปปี้/ลาซาด้า เมื่อซื้อสินค้าที่ร่วมรายการกับโลตัส 50 บาทขึ้นไป รับ 0.5% โลตัสคอยน์ กับทุกๆบาทที่ช้อป,คุณลูกค้าสามารถสะสมคอยน์ได้จากการซื้อสินค้าที่โลตัสทุกสาขา โลตัสช้อปออนไลน์ และร้านค้าใน Shopee/Lazada/TikTok เมื่อซื้อสินค้าร่วมรายการ 50 บาทขึ้นไปรับ 0.5% โลตัสคอยน์ กับทุกๆบาทที่ช้อปค่ะ,"You can earn coins by purchasing products at all Lotus's store,  Lotus's Shop Online, CP Freshmart, and Lotus's official store on Shopee/Lazada.

When you purchase products participating in the Lotus’s promotion for 50 baht or more, you will receive 0.5% Lotus’s coins for every baht spent.",คุณลูกค้าสามารถสะสมคอยน์ได้จากการซื้อสินค้าที่โลตัสทุกสาขา โลตัสช้อปออนไลน์ และร้านค้าใน Shopee/Lazada/TikTok เมื่อซื้อสินค้าร่วมรายการ 50 บาทขึ้นไปรับ 0.5% โลตัสคอยน์ กับทุกๆบาทที่ช้อปค่ะ 😊,"You can earn coins by purchasing products at all Lotus's store,  Lotus's Shop Online, CP Freshmart, and Lotus's official store on Shopee/Lazada.

When you purchase products participating in the Lotus’s promotion for 50 baht or more, you will receive 0.5% Lotus’s coins for every baht spent.","You can earn coins by purchasing products at all Lotus's stores, Lotus's Shop Online 💻, CP Freshmart 🥬, and Lotus's official stores on Shopee and Lazada 🛒.

For every 50 baht spent on products participating in Lotus’s promotions, you will earn 0.5% Lotus’s Coins for each baht spent 💰.

",Loyalty Program,My Lotus's
23,doc_id_th_23,doc_id_en_23,วิธีตรวจสอบโลตัสคอยน์สะสม,How can I check my Lotus’s Coins balance?,"สามารถตรวจสอบโลตัสคอยน์สะสมได้หลายช่องทาง ดังนี้

โลตัส สมาร์ท แอป สมาชิกสามารถเช็คโลตัสคอยน์ได้ตลอดเวลาผ่านโลตัส สมาร์ท แอป ที่เมนูมายโลตัส
ท้ายใบเสร็จ โดยดูได้จากโลตัสคอยน์สะสมที่แสดงอยู่ท้ายใบเสร็จที่มีการใช้จ่ายคู่กับสมาชิกมายโลตัส
โลตัส & โลตัส โกเฟรช Line Official สมาชิกสามารถเช็คโลตัสคอยน์ได้ตลอดเวลาผ่าน Lotus’s Line Official โดยกดที่ปุ่ม ""สมาชิกมายโลตัส""
ศูนย์บริการลูกค้าโลตัส สมาชิกสามารถสอบถามโลตัสคอยน์สะสมได้ที่ศูนย์บริการสมาชิกโลตัส โทร 1430 กด 1","คุณลูกค้าสามารถตรวจสอบยอดสะสมโลตัสคอยน์ได้หลากหลายช่องทาง ดังนี้:

ผ่านโลตัส สมาร์ท แอป:

เพียงเข้าไปที่เมนู ""มายโลตัส"" คุณลูกค้าสามารถตรวจสอบโลตัสคอยน์ที่สะสมไว้ได้ตลอดเวลา

ท้ายใบเสร็จ:

ตรวจสอบได้จากยอดสะสมโลตัสคอยน์ที่แสดงอยู่ท้ายใบเสร็จ หลังจากมีการใช้จ่ายที่ร่วมกับสมาชิกมายโลตัส

Line Official:

เช็คผ่าน Lotus’s Line Official หรือ โลตัส โกเฟรช Line Official ได้ง่าย ๆ
กดที่ปุ่ม ""สมาชิกมายโลตัส"" เพื่อดูยอดสะสมของคุณ

ศูนย์บริการลูกค้าโลตัส:

โทร 1430 กด 1 ได้ทุกวันตั้งแต่เวลา 9:00 – 23:00 น. ค่ะเพื่อสอบถามยอดสะสมโลตัสคอยน์ ทีมงานพร้อมให้ข้อมูลทุกวันค่ะ","Lotus's Coins balance can be checked from the following channels:

Lotus’s SMART App, Easily check Lotus’s Coins balance on My Lotus’s Menu via Lotus’s SMART App anytime.
Receipt, Simply check Lotus’s Coins balance at the bottom of the sales slip after making purchase with My Lotus’s member.
Lotus’s & Lotus’s GoFresh Line Official Account, Click “ My Lotus's member” rich menu to check the Lotus's Coins balance anytime.
Lotus’s Call Center, Call 1430 Press 1 to inquire about the Lotus's Coins balance.","คุณลูกค้าสามารถตรวจสอบยอดสะสมโลตัสคอยน์ได้หลากหลายช่องทาง ดังนี้:

ผ่านโลตัส สมาร์ท แอป 📱:

เพียงเข้าไปที่เมนู ""มายโลตัส"" คุณลูกค้าสามารถตรวจสอบโลตัสคอยน์ที่สะสมไว้ได้ตลอดเวลา

ท้ายใบเสร็จ:

ตรวจสอบได้จากยอดสะสมโลตัสคอยน์ที่แสดงอยู่ท้ายใบเสร็จ หลังจากมีการใช้จ่ายที่ร่วมกับสมาชิกมายโลตัส

Line Official 💬:

เช็คผ่าน Lotus’s Line Official หรือ โลตัส โกเฟรช Line Official ได้ง่าย ๆ
กดที่ปุ่ม ""สมาชิกมายโลตัส"" เพื่อดูยอดสะสมของคุณ

ศูนย์บริการลูกค้าโลตัส:

โทร 1430 กด 1 ได้ทุกวันตั้งแต่เวลา 9:00 – 23:00 น. ค่ะเพื่อสอบถามยอดสะสมโลตัสคอยน์ ทีมงานพร้อมให้ข้อมูลทุกวันค่ะ","Lotus's Coins balance can be checked from the following channels:

Lotus’s SMART App, Easily check Lotus’s Coins balance on My Lotus’s Menu via Lotus’s SMART App anytime.
Receipt, Simply check Lotus’s Coins balance at the bottom of the sales slip after making purchase with My Lotus’s member.
Lotus’s & Lotus’s GoFresh Line Official Account, Click “ My Lotus's member” rich menu to check the Lotus's Coins balance anytime.
Lotus’s Call Center, Call 1430 Press 1 to inquire about the Lotus's Coins balance.","Lotus's Coins balance can be checked through the following channels:

Lotus’s SMART App: 📱 Check your Lotus’s Coins balance anytime via the My Lotus’s menu.
Receipt: 🧾 Your Lotus’s Coins balance is displayed at the bottom of the sales slip after purchases made with a My Lotus’s membership.
Lotus’s & Lotus’s GoFresh Line Official Account: 💬 Use the ""My Lotus’s member"" rich menu to view your balance anytime.
Lotus’s Call Center: ☎️ Call 1430 and press 1 to inquire about your Lotus’s Coins balance.",Loyalty Program,My Lotus's
24,doc_id_th_24,doc_id_en_24,หากลืมแจ้งเบอร์โทรศัพท์เพื่อสะสมคอยน์ จะสามารถขอสะสมโลตัสคอยน์ย้อนหลังได้หรือไม่,"If I forget to inform my phone number for coin collection, can I request to add Lotus’s Coins retroactively?","สมาชิกสามารถขอสะสมโลตัสคอยน์ย้อนหลังได้ โดยติดต่อศูนย์บริการลูกค้าโลตัส โทร 1430 กด 1 ภายใน 3 วันนับจากวันที่ซื้อสินค้า

หมายเหตุ : ลูกค้าต้องเก็บใบเสร็จ เพื่อยืนยันการซื้อสินค้า","การสะสมโลตัสคอยน์ย้อนหลัง

คุณลูกค้าสามารถขอสะสมโลตัสคอยน์ย้อนหลังได้ หากลืมสะสมในวันที่ซื้อสินค้า โดยดำเนินการดังนี้:

ติดต่อศูนย์บริการลูกค้าโลตัส:

โทร 1430 กด 1  ตั้งแต่เวลา 9:00 – 23:00 น. ภายใน 3 วัน นับจากวันที่ทำการซื้อสินค้า

กรุณาเก็บใบเสร็จไว้ เพื่อใช้เป็นหลักฐานในการยืนยันการซื้อสินค้า
ทีมงานพร้อมช่วยเหลือคุณลูกค้าในการสะสมคะแนนย้อนหลัง เพื่อให้ได้สิทธิพิเศษค่ะ
","Members can request to collect Lotus's Coins retrospectively by contact Lotus’s Call Center 1430 press 1 within 3 days from the purchase date.

Remark: Receipt of the  purchase is required for verification.","การสะสมโลตัสคอยน์ย้อนหลัง

คุณลูกค้าสามารถขอสะสมโลตัสคอยน์ย้อนหลังได้ หากลืมสะสมในวันที่ซื้อสินค้า โดยดำเนินการดังนี้:

ติดต่อศูนย์บริการลูกค้าโลตัส:

โทร 1430 กด 1  ตั้งแต่เวลา 9:00 – 23:00 น. ภายใน 3 วัน นับจากวันที่ทำการซื้อสินค้า

กรุณาเก็บใบเสร็จไว้ เพื่อใช้เป็นหลักฐานในการยืนยันการซื้อสินค้า
ทีมงานพร้อมช่วยเหลือคุณลูกค้าในการสะสมคะแนนย้อนหลัง เพื่อให้ได้สิทธิพิเศษค่ะ 😊
","Members can request to collect Lotus's Coins retrospectively by contact Lotus’s Call Center 1430 press 1 within 3 days from the purchase date.

Remark: Receipt of the  purchase is required for verification.","Customers can request retroactive collection of Lotus Coins if they forgot to collect them on the day of purchase by following these steps:

Contact Lotus's Customer Service Center: Call 1430, press 1 between 9:00 AM and 11:00 PM. Requests must be made within 3 days of the purchase date.

Keep your receipt: The receipt is required as proof of purchase for verification.

Our team is ready to assist you in collecting retroactive points to ensure you enjoy all your special benefits 😊.",Loyalty Program,My Lotus's
25,doc_id_th_25,doc_id_en_25,ช่องทางการใช้งานโลตัสคอยน์,Channels for using Lotus’s Coins,"ใช้คอยน์เป็นส่วนลดได้ที่โลตัสทุกสาขา
ใช้คอยน์แลกเป็นส่วนลดกับร้านค้าต่างๆ ผ่านแอปพลิเคชัน Lotus's SMART App
ใช้เป็นส่วนลดเมื่อสั่งซื้อสินค้าผ่านโลตัสช้อปออนไลน์ (เว็บไซต์ของโลตัส/แอปพลิเคชัน Lotus's SMART App) โดยไม่สามารถใช้เป็นส่วนลดในการสั่งซื้อสินค้าผ่าน shopee และ lazada ได้",คุณลูกค้าสามารถใช้คอยน์เป็นส่วนลดได้ที่โลตัสทุกสาขา หรือใช้คอยน์แลกเป็นส่วนลดกับร้านค้าต่างๆ ผ่านแอปพลิเคชัน Lotus's SMART App หรือใช้เป็นส่วนลดสำหรับการซื้อสินค้าออนไลน์ผ่าน Lotus's Shop Online (เว็บไซต์หรือแอป SMART App)  โดยไม่สามารถใช้เป็นส่วนลดในการสั่งซื้อสินค้าผ่าน shopee  lazada และ TikTok ได้ค่ะ,"Redeem Lotus’s Coins as a discount at the cashier in every Lotus’s stores
Redeem Lotus’s Coins as a discount in Lotus's SMART app
Redeem Lotus’s Coins as a discount when purchasing products from Lotus's Shop Online (Lotus's website/Lotus's SMART App). It cannot be used as a discount when purchasing products from Shopee and Lazada.","คุณลูกค้าสามารถใช้คอยน์เป็นส่วนลดได้ที่โลตัสทุกสาขา หรือใช้คอยน์แลกเป็นส่วนลดกับร้านค้าต่างๆ ผ่านแอปพลิเคชัน Lotus's SMART App หรือใช้เป็นส่วนลดสำหรับการซื้อสินค้าออนไลน์ผ่าน Lotus's Shop Online (เว็บไซต์หรือแอป SMART App)  โดยไม่สามารถใช้เป็นส่วนลดในการสั่งซื้อสินค้าผ่าน shopee  lazada และ TikTok ได้ค่ะ 😊
",Redeem Lotus’s Coins as a discount at the cashier in every Lotus’s stores. Redeem Lotus’s Coins as a discount in Lotus's SMART app. Redeem Lotus’s Coins as a discount when purchasing products from Lotus's Shop Online (Lotus's website/Lotus's SMART App). It cannot be used as a discount when purchasing products from Shopee and Lazada.,"Customers can use Lotus Coins as discounts at all Lotus's stores 🏬. You can also redeem Coins for discounts with various merchants through the Lotus's SMART App 📲 or use them for discounts when shopping online via Lotus's Shop Online (website or SMART App) 🌐.

Note: Lotus Coins cannot be used as discounts for purchases made via Shopee, Lazada, or TikTok 😊.",Loyalty Program,My Lotus's
26,doc_id_th_26,doc_id_en_26,วิธีการแลกโลตัสคอยน์เพื่อเป็นส่วนลดร้านค้า,How can I redeem Lotus’s Coins for partner's privilege deals?,"สามารถกดแลกส่วนลดร้านค้าต่างๆ ได้ที่ Lotus's SMART App โดยทำรายการได้ที่หน้า ""มายโลตัส"" และเลือกที่เมนู ""แลกคอยน์""","คุณลูกค้าสามารถแลก Lotus’s Coins สำหรับดีลพิเศษหรือสิทธิพิเศษของพาร์ทเนอร์ผ่านแอป Lotus's SMART App ได้ค่ะ โดยทำรายการได้ที่หน้า ""มายโลตัส"" และเลือกเมนู ""แลกคอยน์""","You can redeem Lotus's Coins as partner's privilege deals on  the Lotus's SMART App > My Lotus's page and select ""Redeem coins"" menu.","คุณลูกค้าสามารถแลก Lotus’s Coins สำหรับดีลพิเศษหรือสิทธิพิเศษของพาร์ทเนอร์ผ่านแอป Lotus's SMART App ได้ค่ะ โดยทำรายการได้ที่หน้า ""มายโลตัส"" และเลือกเมนู ""แลกคอยน์"" 📱","You can redeem Lotus's Coins as partner's privilege deals on the Lotus's SMART App > My Lotus's page and select ""Redeem coins"" menu.","
Customers can redeem Lotus’s Coins for special deals or partner offers through the Lotus's SMART App 📱. Simply go to the ""My Lotus’s"" page and select the ""Redeem Coins"" menu.",Loyalty Program,My Lotus's
27,doc_id_th_27,doc_id_en_27,โลตัสคอยน์มีวันหมดอายุหรือไม่,Do Lotus’s Coins have an expiration date?,"โลตัสคอยน์มีอายุการใช้งานปีต่อปี โดยโลตัสคอยน์ที่สะสมในปีนี้จะถูกตัดในวันที่ 31 ม.ค. เวลา 23.59 น. ของปีถัดไป (วันหมดอายุ)

ตัวอย่าง : โลตัสคอยน์ที่สะสมระหว่างวันที่ 1 ม.ค. 2567 – 31 ธ.ค. 2567 โลตัสคอยน์จะถูกตัด (หมดอายุ) ในวันที่ 31 ม.ค. 2568 เวลา 23.59 น.",Lotus’s Coins ของคุณลูกค้ามีอายุการใช้งานปีต่อปีค่ะ โดยคอยน์ที่สะสมในปีนี้จะหมดอายุในวันที่ 31 มกราคม เวลา 23.59 น. ของปีถัดไป ตัวอย่างเช่น คอยน์ที่สะสมระหว่างวันที่ 1 ม.ค. 2024 – 31 ธ.ค. 2024 จะหมดอายุในวันที่ 31 ม.ค. 2025 เวลา 23.59 น.,"Lotus’s Coins have a year-to-year validity period. Coins earned this year will be deducted on 31 January at 11:59 p.m. of the following year (expiration date).

Example: Lotus’s Coins earned during 1 January 2023 – 31 December 2023 will be deducted (expired) on  31 January 2024 at 11:59 p.m.",Lotus’s Coins ของคุณลูกค้ามีอายุการใช้งานปีต่อปีค่ะ โดยคอยน์ที่สะสมในปีนี้จะหมดอายุในวันที่ 31 มกราคม เวลา 23.59 น. ของปีถัดไป ตัวอย่างเช่น คอยน์ที่สะสมระหว่างวันที่ 1 ม.ค. 2024 – 31 ธ.ค. 2024 จะหมดอายุในวันที่ 31 ม.ค. 2025 เวลา 23.59 น.. ⏰,Lotus’s Coins have a year-to-year validity period. Coins earned this year will be deducted on 31 January at 11:59 p.m. of the following year (expiration date). Example: Lotus’s Coins earned during 1 January 2023 – 31 December 2023 will be deducted (expired) on 31 January 2024 at 11:59 p.m.,"Lotus’s Coins are valid for one calendar year. Coins collected this year will expire on January 31st at 11:59 PM of the following year.
For example, Coins earned between January 1, 2024 – December 31, 2024 will expire on January 31, 2025, at 11:59 PM ⏰.",Loyalty Program,My Lotus's
28,doc_id_th_28,doc_id_en_28,ต้องการโอนคอยน์ให้สมาชิกมายโลตัสอื่นได้หรือไม่,Is it possible to transfer Lotus's Coins to other My Lotus's membership accounts?,ไม่สามารถดำเนินการโอนย้ายคอยน์ไปยังบัญชีมายโลตัสบุคคลอื่นได้,Lotus’s Coins ไม่สามารถโอนย้ายไปยังบัญชี My Lotus’s ของบุคคลอื่นได้ค่ะ,It's unable to transfer the coins to other My Lotus's accounts.,"Lotus’s Coins ไม่สามารถโอนย้ายไปยังบัญชี My Lotus’s ของบุคคลอื่นได้ค่ะ 🙅‍♀️
",It's unable to transfer the coins to other My Lotus's accounts.,"Lotus’s Coins cannot be transferred to another person’s My Lotus’s account 🙅‍♀️.

",Loyalty Program,My Lotus's
29,doc_id_th_29,doc_id_en_29,สอบถามวิธีการสั่งซื้อสำหรับการช้อปออนไลน์,How to order,"
ลูกค้าสามารถศึกษาวิธีการใช้งาน Lotus's Shop Online ได้ผ่านลิงค์ https://www.lotuss.com/th/how-to-shop",คุณลูกค้าสามารถศึกษาวิธีการใช้งาน Lotus's Shop Online ได้ง่าย ๆ ที่ลิงก์นี้เลยค่ะ: https://www.lotuss.com/th/how-to-shop,Online Shopping Guide : https://www.lotuss.com/th/how-to-shop,คุณลูกค้าสามารถศึกษาวิธีการใช้งานได้ง่าย ๆ ที่ลิงก์นี้ค่ะ: https://www.lotuss.com/th/how-to-shop 📖,Online Shopping Guide: https://www.lotuss.com/th/how-to-shop,"You can learn how to use Lotus’s Coins easily via this link: https://www.lotuss.com/th/how-to-shop 📖.
",Order,O2O Shop Online
30,doc_id_th_30,doc_id_en_30,วิธีการปักหมุดสำหรับการช้อปออนไลน์,How to pin your address,"ลูกค้าสามารถศึกษาวิธีการปักหมุดได้ผ่านลิงค์
https://www.lotuss.com/th/how-to-shop",หากคุณลูกค้าต้องการศึกษาวิธีการปักหมุดที่อยู่ สามารถดูรายละเอียดเพิ่มเติมได้ที่ลิงก์นี้เลยค่ะ: https://www.lotuss.com/th/how-to-shop,Online Shopping Guide : https://www.lotuss.com/th/how-to-shop,หากต้องการศึกษาวิธีการปักหมุดที่อยู่ สามารถดูรายละเอียดเพิ่มเติมได้ที่ลิงก์นี้ค่ะ: https://www.lotuss.com/th/how-to-shop 📖,Online Shopping Guide: https://www.lotuss.com/th/how-to-shop,"If you would like to learn how to pin a location, you can find more details at this link: https://www.lotuss.com/th/how-to-shop 📖.",Location,O2O Shop Online
31,doc_id_th_31,doc_id_en_31,"ติดตามสถานะคำสั่งซื้อสำหรับการช้อปออนไลน์
",Order Status,"สำหรับสมาชิก My Lotus สามารถตรวจสอบสถานะการจัดส่งได้ผ่านแอพพลิเคชั่นโดยคลิกที่  โปรไฟล์ > ประวัติคำสั่งซื้อ
หากไม่ได้เป็นสมาชิก ติดต่อส่วนงานบริการลูกค้าได้ตามช่องทางดังนี้

1.Inbox FB Lotus's Shop online
2.E-mail shoponline@lotuss.com
3.โทรศัพท์ที่หมายเลข 1430 กด 2
4. https://corporate.lotuss.com/contact-us/","หากคุณลูกค้าเป็นสมาชิก My Lotus’s สามารถตรวจสอบสถานะคำสั่งซื้อได้ในแอปพลิเคชัน โดยคลิกที่ “โปรไฟล์” แล้วเลือก “ประวัติคำสั่งซื้อ” แต่ถ้าคุณลูกค้าไม่ได้เป็นสมาชิก ติดต่อส่วนงานบริการลูกค้าได้ตามช่องทางดังนี้ค่ะ

1.Inbox FB Lotus's Shop online
2.E-mail shoponline@lotuss.com
3.โทรศัพท์ที่หมายเลข 1430 กด 2
4. https://corporate.lotuss.com/contact-us/","For Member : Check your order history in application by selecting Me > Order History
For Non-Member  , please contact the followings:

1.Call center 1430 press 2
2.Inbox FB Lotus's Shop online
3.E-mail shoponline@lotuss.com
4. https://corporate.lotuss.com/contact-us/
","หากคุณลูกค้าเป็นสมาชิก My Lotus’s สามารถตรวจสอบสถานะคำสั่งซื้อได้ในแอปพลิเคชัน 
โดยคลิก “โปรไฟล์” > “ประวัติคำสั่งซื้อ” 📱
หากไม่ได้เป็นสมาชิก: สามารถติดต่อส่วนงานบริการลูกค้าผ่านช่องทางดังนี้:
1. Inbox: FB Lotus's Shop Online 💬
2. E-mail: shoponline@lotuss.com 📧
3. โทร: 1430 กด 2 ☎️
4. เว็บไซต์: https://corporate.lotuss.com/contact-us/ 🌐","For Member: Check your order history in the application by selecting Me > Order History. For Non-Member, please contact the following: 1. Call center 1430 press 2 2. Inbox FB Lotus's Shop Online 3. E-mail shoponline@lotuss.com 4. https://corporate.lotuss.com/contact-us/","If you are a My Lotus’s member, you can check your order status via the app by selecting “Profile” > “Order History” 📱.
If you are not a member, you can contact customer service through the following channels:

Inbox: FB Lotus's Shop Online 💬
Email: shoponline@lotuss.com 📧
Phone: 1430, press 2 ☎️
Website: https://corporate.lotuss.com/contact-us/ 🌐",Order,O2O Shop Online
32,doc_id_th_32,doc_id_en_32,สอบถามเกี่ยวกับวิธีการชำระเงินสำหรับการช้อปออนไลน์,Payment Methods,"สามารถเลือกวิธีการชำระเงินสำหรับการช้อปออนไลน์ได้ดังนี้

1.ชำระด้วยบัตรเครดิต / True Money We Card ในขั้นตอนการสั่งซื้อ เป็นเพียงการจองวงเงินในบัตรเครดิตเท่านั้น มิได้มีการดำเนินการตัดเงินในบัตรโดยทันทีแต่อย่างใด โดยระบบจะทำการรับชำระ/ตัดยอดจริง จากบัตรเครดิต ณ วันที่รับสินค้า
2.ชำระด้วยบัตรเดบิต ในขั้นตอนการสั่งซื้อ ระบบจะทำการตัดเงินทันทีตามยอดที่สั่งซื้อในวันที่สั่งซื้อ
3. ชำระด้วย True Money Online ในขั้นตอนการสั่งซื้อ ระบบจะทำการตัดเงินตามยอดที่สั่งซื้อในวันที่สั่งซื้อ
4.ชำระเงินปลายทาง สามารถเลือกชำระโดยเงินสด หรือ ทรูมันนี่ วอลเล็ท","คุณลูกค้าสามารถเลือกวิธีการชำระเงินสำหรับการช้อปออนไลน์ได้ดังนี้ค่ะ:
1.ชำระด้วยบัตรเครดิต / True Money We Card ในขั้นตอนการสั่งซื้อ จะเป็นเพียงการจองวงเงินในบัตรเครดิตเท่านั้น มิได้มีการดำเนินการตัดเงินในบัตรโดยทันที โดยระบบจะทำการรับชำระ/ตัดยอดจริง จากบัตรเครดิต ณ วันที่รับสินค้า
2.ชำระด้วยบัตรเดบิต ในขั้นตอนการสั่งซื้อ ระบบจะทำการตัดเงินทันทีตามยอดที่สั่งซื้อในวันที่สั่งซื้อ
3. ชำระด้วย True Money Online ในขั้นตอนการสั่งซื้อ ระบบจะทำการตัดเงินตามยอดที่สั่งซื้อในวันที่สั่งซื้อ
4.ชำระเงินปลายทาง สามารถเลือกชำระโดยเงินสด หรือ ทรูมันนี่ วอลเล็ทค่ะ","You can select payment methods for online shopping as follows:

1.Credit card / True Money We Card: It is only a reservation of the credit card limit. Money deduction has not been made yet. The payment will be completed (actual amount will be deducted) on the date of receiving the products.
2.Debit card: The system will deduct money immediately according to the order amount on the purchase date.
3.True Money Online: The system will deduct money immediately according to the order amount on the purchase date.
4.Payment on delivery: you can choose to pay by cash or True Money Wallet.","คุณลูกค้าสามารถเลือกวิธีการชำระเงินสำหรับการช้อปออนไลน์ได้ดังนี้ค่ะ😊:

ชำระด้วยบัตรเครดิต/True Money We Card: ในขั้นตอนการสั่งซื้อจะเป็นเพียงการจองวงเงินในบัตรเครดิตเท่านั้น มิได้มีการตัดเงินทันที ระบบจะตัดยอดจริงในวันที่รับสินค้า 
ชำระด้วยบัตรเดบิต: ระบบจะทำการตัดเงินทันทีในวันที่สั่งซื้อ 
ชำระด้วย True Money Online: ระบบจะตัดเงินตามยอดที่สั่งซื้อในวันที่สั่งซื้อ 
ชำระเงินปลายทาง: สามารถเลือกชำระด้วยเงินสดหรือทรูมันนี่ วอลเล็ทค่ะ 
",You can select payment methods for online shopping as follows: 1. Credit card / True Money We Card: It is only a reservation of the credit card limit. Money deduction has not been made yet. The payment will be completed (actual amount will be deducted) on the date of receiving the products. 2. Debit card: The system will deduct money immediately according to the order amount on the purchase date. 3. True Money Online: The system will deduct money immediately according to the order amount on the purchase date. 4. Payment on delivery: you can choose to pay by cash or True Money Wallet.,"You can choose from the following payment methods for online shopping 😊:

1.Credit Card/True Money We Card: The amount will be reserved on your card during the order process but will only be charged on the delivery date.
2.Debit Card: The payment will be deducted immediately on the order date.
3.True Money Online: The payment will be deducted on the order date.
4.Cash on Delivery: Payment can be made in cash or via True Money Wallet.",Payment,O2O Shop Online
33,doc_id_th_33,doc_id_en_33,วิธีการขอใบกำกับภาษีสำหรับช้อปออนไลน์,How to request  tax invoice,"
การขอใบกำกับภาษีแบบเต็มรูป สามารถกรอกข้อมูลการออกใบกำกับภาษี ทั้งรูปแบบบุคคลธรรมดา และ นิติบุคคลในขั้นตอนการสั่งซื้อโดยเลือก รถเข็นของฉัน -> ข้อมูลใบกำกับภาษี  โดยใบกำกับภาษีจัดส่งทางอีเมล ภายใน 24 ชม.หลังจากสถานะการจัดส่งสำเร็จ

กรอกข้อมูลเข้ามาในระบบแต่ไม่ได้รับใบกำกับภาษี
สามารถตรวจสอบใน Junk mail หากไม่ได้รับสามารถติดต่อส่วนงานบริการลูกค้าได้ตามช่องทางดังนี้
1. โทรศัพท์ที่หมายเลข 1430 กด2
2. Inbox FB Lotus's Shop online
3. E-mail shoponline@lotuss.com
4. https://corporate.lotuss.com/contact-us/

","คุณลูกค้าสามารถขอใบกำกับภาษีแบบเต็มรูปได้ โดยกรอกข้อมูลสำหรับการออกใบกำกับภาษี (ทั้งในนามบุคคลธรรมดาและนิติบุคคล) ในขั้นตอนการสั่งซื้อ โดยเลือกเมนู ""รถเข็นของฉัน"" แล้วเลือก ""ข้อมูลใบกำกับภาษี"" ใบกำกับภาษีจะถูกจัดส่งให้คุณลูกค้าทางอีเมลภายใน 24 ชั่วโมง หลังจากสถานะการจัดส่งสำเร็จ 
หากกรอกข้อมูลในระบบแต่ยังไม่ได้รับใบกำกับภาษี คุณลูกค้าสามารถตรวจสอบที่ Junk Mail หรือติดต่อ ส่วนงานบริการลูกค้าได้ตามช่องทางดังนี้ค่ะ
1. โทรศัพท์ที่หมายเลข 1430 กด2
2. Inbox FB Lotus's Shop online
3. E-mail shoponline@lotuss.com
4. https://corporate.lotuss.com/contact-us/","
To request a full tax invoice, you can fill in the information for issuing the tax invoice (both individual and corporate formats) during the ordering process. The tax invoice will be sent via email within 24 hours after the delivery is completed.


If you have submitted  the information into the system but failure to receive the tax invoice.
Please check your Junk mail. If you still haven't received it, you can contact customer service through the following channels:

1.Call 1430 and press 2.
2.Inbox FB Lotus's Shop online.
3.Email shoponline@lotuss.com.
4.https://corporate.lotuss.com/contact-us/","คุณลูกค้าสามารถขอใบกำกับภาษีแบบเต็มรูปได้โดยกรอกข้อมูลสำหรับการออกใบกำกับภาษี (ทั้งในนามบุคคลธรรมดาและนิติบุคคล) ในขั้นตอนการสั่งซื้อ โดยเลือกเมนู ""รถเข็นของฉัน"" แล้วเลือก ""ข้อมูลใบกำกับภาษี"" ใบกำกับภาษีจะถูกจัดส่งทางอีเมลภายใน 24 ชั่วโมง หลังจากสถานะการจัดส่งสำเร็จค่ะ 📧
หากกรอกข้อมูลในระบบแล้วแต่ยังไม่ได้รับใบกำกับภาษี คุณลูกค้าสามารถตรวจสอบที่ Junk Mail หรือติดต่อส่วนงานบริการลูกค้าได้ตามช่องทางดังนี้ค่ะ:

โทรศัพท์ที่หมายเลข 1430 กด 2 ☎️
Inbox FB Lotus's Shop Online 💬
อีเมล: shoponline@lotuss.com 📧
เว็บไซต์: https://corporate.lotuss.com/contact-us/🌐","To request a full tax invoice, you can fill in the information for issuing the tax invoice (both individual and corporate formats) during the ordering process. The tax invoice will be sent via email within 24 hours after the delivery is completed. If you have submitted the information into the system but fail to receive the tax invoice, please check your Junk mail. If you still haven't received it, you can contact customer service through the following channels: 1. Call 1430 and press 2. 2. Inbox FB Lotus's Shop Online. 3. Email shoponline@lotuss.com. 4. https://corporate.lotuss.com/contact-us/","You can request a full tax invoice by entering your billing information (for individuals or companies) during the checkout process. Go to the ""My Cart"" menu and select ""Billing Information."" The tax invoice will be sent to your email within 24 hours after the order has been successfully delivered 📧.

If you have entered your information but haven’t received the tax invoice, please check your Junk Mail folder or contact customer service through the following channels:

Phone: 1430, press 2 ☎️
Inbox: FB Lotus's Shop Online 💬
Email: shoponline@lotuss.com 📧
Website: https://corporate.lotuss.com/contact-us/ 🌐",Tax Invoice,O2O Shop Online
34,doc_id_th_34,doc_id_en_34,ไม่ได้กรอกข้อมูลใบกำกับภาษีในขั้นตอนการสั่งซื้อสำหรับช้อปออนไลน์,Failure to request the tax invoice  during the ordering process,หากต้องการขอใบกำกับภาษีเต็มรูปแบบย้อนหลัง สามารถติดต่อส่วนงานบริการลูกค้าภายในวันที่ได้รับสินค้าเท่านั้น โดยใบกำกับภาษีจัดส่งทางอีเมลภายใน 7-14 วันทำการ,"หากคุณลูกค้าไม่ได้กรอกข้อมูลใบกำกับภาษีในขั้นตอนการสั่งซื้อแต่ต้องการขอใบกำกับภาษีแบบเต็มรูปย้อนหลัง กรุณาติดต่อส่วนงานบริการลูกค้าภายในวันที่ได้รับสินค้าตามช่องทางดังนี้ค่ะ

1.Inbox FB Lotus's Shop online
2.E-mail shoponline@lotuss.com
3.โทรศัพท์ที่หมายเลข 1430 กด 2

โดยใบกำกับภาษีจะถูกจัดส่งให้ทางอีเมลภายใน 7-14 วันทำการค่ะ","If you would like to receive a full tax invoice retrospectively, please contact customer service only on the same day that you receive products. The full tax invoice will be provided in paper format and delivered by post within 7-14 business days.","หากคุณลูกค้าไม่ได้กรอกข้อมูลใบกำกับภาษีในขั้นตอนการสั่งซื้อ แต่ต้องการขอใบกำกับภาษีแบบเต็มรูปย้อนหลัง กรุณาติดต่อส่วนงานบริการลูกค้าภายในวันที่ได้รับสินค้าผ่านช่องทางดังนี้ค่ะ:

Inbox FB Lotus's Shop Online 💬
อีเมล: shoponline@lotuss.com 📧
โทร 1430 กด 2 ☎️

โดยใบกำกับภาษีจะถูกจัดส่งให้ทางอีเมลภายใน 7-14 วันทำการ ค่ะ 📤","If you would like to receive a full tax invoice retrospectively, please contact customer service only on the same day that you receive the products. The full tax invoice will be provided in paper format and delivered by post within 7-14 business days.","If you did not enter billing information during the checkout process but wish to request a full tax invoice retroactively, please contact customer service on the day you receive your order through one of the following channels:

Inbox: FB Lotus's Shop Online 💬
Email: shoponline@lotuss.com 📧
Phone: 1430, press 2 ☎️
The tax invoice will be sent via email within 7-14 business days 📤.",Tax Invoice,O2O Shop Online
35,doc_id_th_35,doc_id_en_35,ต้องการแก้ไขใบกำกับภาษีสำหรับช้อปออนไลน์,Amend Tax Invoice,"ต้องการแก้ไขใบกำกับภาษี สามารถติดต่อส่วนงานบริการลูกค้า ภายในวันที่ 7 ของเดือนถัดไปนับตั้งแต่วันที่ออกใบกำกับภาษี ทั้งนี้ข้อมูลที่สามารถแก้ไขได้มีดังนี้
1. ตัวสะกด ชื่อ-นามสกุลผิด แต่ไม่สามารถเปลี่ยนเป็นชื่อบุคคลอื่น หรือนิติบุคคลได้
2. ที่อยู่ผิด
3. เลขประจำตัวผู้เสียภาษีผิดหลัก หรือ ผิดตัวเลข แต่ไม่สามารถเปลี่ยนเป็นเลขประจำตัวของบุคคลอื่น หรือนิติบุคคลได้
4. ไม่สามารถแก้ไขรายการสินค้าในใบกำกับภาษีได้","หากคุณลูกค้าต้องการแก้ไขข้อมูลในใบกำกับภาษี กรุณาติดต่อส่วนงานบริการลูกค้าภายในวันที่ 7 ของเดือนถัดไปนับจากวันที่ออกใบกำกับภาษี ทั้งนี้ข้อมูลที่สามารถแก้ไขได้มีดังนี้ค่ะ

1. ตัวสะกด ชื่อ-นามสกุลผิด แต่ไม่สามารถเปลี่ยนเป็นชื่อบุคคลอื่น หรือนิติบุคคลได้
2. ที่อยู่ผิด
3. เลขประจำตัวผู้เสียภาษีผิดหลัก หรือ ผิดตัวเลข แต่ไม่สามารถเปลี่ยนเป็นเลขประจำตัวของบุคคลอื่น หรือนิติบุคคลได้
4. ไม่สามารถแก้ไขรายการสินค้าในใบกำกับภาษีได้ได้ค่ะ","Please contact customer service by the 7th day of the following month from the date of issuing the tax invoice. The information that can be amended are as follows:

1.Typo of name-surname: this cannot be changed to another individual's or entity's name.
2.Incorrect address.
3.Incorrect taxpayer identification number or incorrect digits: this cannot be changed to another individual's or entity's identification number.
4.It is not possible to amend the product items on the tax invoice.","หากคุณลูกค้าต้องการแก้ไขข้อมูลในใบกำกับภาษี กรุณาติดต่อส่วนงานบริการลูกค้าภายในวันที่ 7 ของเดือนถัดไปนับจากวันที่ออกใบกำกับภาษี ทั้งนี้ข้อมูลที่สามารถแก้ไขได้มีดังนี้ค่ะ:

1. ตัวสะกด ชื่อ-นามสกุลผิด แต่ไม่สามารถเปลี่ยนเป็นชื่อบุคคลอื่น หรือนิติบุคคลได้
2. ที่อยู่ผิด
3. เลขประจำตัวผู้เสียภาษีผิดหลัก หรือ ผิดตัวเลข แต่ไม่สามารถเปลี่ยนเป็นเลขประจำตัวของบุคคลอื่น หรือนิติบุคคลได้
4. ไม่สามารถแก้ไขรายการสินค้าในใบกำกับภาษีได้ได้ค่ะ
",Please contact customer service by the 7th day of the following month from the date of issuing the tax invoice. The information that can be amended includes: 1. Typo of name-surname: this cannot be changed to another individual's or entity's name. 2. Incorrect address. 3. Incorrect taxpayer identification number or incorrect digits: this cannot be changed to another individual's or entity's identification number. 4. It is not possible to amend the product items on the tax invoice.,"If you wish to correct information on a tax invoice, please contact customer service by the 7th day of the following month from the invoice issuance date. The following details can be amended:

1.Misspelled first or last name (cannot be changed to another person or company name).
2.Incorrect address.
3.Incorrect or invalid taxpayer ID number (cannot be changed to another person’s or company’s taxpayer ID).
4.Product details on the tax invoice cannot be amended.",Tax Invoice,O2O Shop Online
36,doc_id_th_36,doc_id_en_36,สอบถามรายละเอียดสินค้าสำหรับช้อปออนไลน์,Product Details,สามารถตรวจสอบข้อมูลสินค้าเพิ่มเติมได้ โดยคลิกที่สินค้า>รายละเอียด,"คุณลูกค้าสามารถตรวจสอบรายละเอียดสินค้าเพิ่มเติมได้ง่าย ๆ โดยคลิกที่ ""สินค้า"" จากนั้นเลือก ""รายละเอียด""ค่ะ",Customer can check Product details by click Product > Information ,"คุณลูกค้าสามารถตรวจสอบรายละเอียดสินค้าเพิ่มเติมได้ง่าย ๆ โดยคลิกที่ ""สินค้า"" จากนั้นเลือก ""รายละเอียด"" ค่ะ 🔍","Customers can check product details by clicking ""Product"" > ""Information"".","You can easily check product details by clicking on ""Product"" and selecting ""Details"" 🔍.",Order,O2O Shop Online
37,doc_id_th_37,doc_id_en_37,สอบถามทั่วไปเกี่ยวกับโปรโมชั่น,Promotions,"ลูกค้าสามารถตรวจสอบสินค้าโปรโมชั่นได้ที่ลิงค์นี้
https://www.lotuss.com/th/promotion",คุณลูกค้าสามารถตรวจสอบโปรโมชั่นเพิ่มเติมได้ที่ลิงก์นี้ค่ะ https://www.lotuss.com/th/promotion,Customer can check Promotional product at https://www.lotuss.com/th/promotion,"คุณลูกค้าสามารถตรวจสอบโปรโมชั่นเพิ่มเติมได้ที่ลิงก์นี้ค่ะ: https://www.lotuss.com/th/promotion 🌐

",Customer can check promotional products at: https://www.lotuss.com/th/promotion,You can view additional promotions at this link: https://www.lotuss.com/th/promotion 🌐.,Promotion,O2O Shop Online
38,doc_id_th_38,doc_id_en_38,"สอบถามวิธีการยกเลิกออเดอร์ ( คำสั่งซื้อ , Order ) สำหรับช้อปออนไลน์",How to cancel order,"ต้องการยกเลิกคำสั่งซื้อ
กรณีสั่งซื้อสินค้าเลือกจัดส่งภายในวัน (ส่งทันที 1 ชม.หรือ ส่งทันที 3 ชม.) Sameday ลูกค้าไม่สามารถกดยกเลิกในระบบได้
กรณีสั่งซื้อสินค้าเลือกจัดส่งวันถัดไป Nextday สามารถกดยกเลิกด้วยตนเองในระบบภายในเวลา 23:59 น. ของวันที่สั่งซื้อ
หากพบปัญหา  สามารถติดต่อส่วนงานบริการลูกค้าได้ตามช่องทางดังนี้
1. โทรศัพท์ที่หมายเลข 1430 กด 2
2. Inbox FB Lotus's Shop online
3. E-mail shoponline@lotuss.com
4. https://corporate.lotuss.com/contact-us/","หากคุณลูกค้าต้องการยกเลิกคำสั่งซื้อ สามารถดำเนินการได้ดังนี้ค่ะ

กรณีสั่งซื้อสินค้าเลือกจัดส่งวันถัดไป Nextday คุณลูกค้าสามารถกดยกเลิกด้วยตนเองผ่านระบบภายในเวลา 23:59 น. ของวันที่สั่งซื้อ

กรณีสั่งซื้อสินค้าเลือกจัดส่งภายในวัน (ส่งทันที 1 ชม.หรือ ส่งทันที 3 ชม.) Sameday ลูกค้าไม่สามารถกดยกเลิกในระบบได้เอง

หากพบปัญหา  สามารถติดต่อส่วนงานบริการลูกค้าได้ตามช่องทางดังนี้ค่ะ
1. โทรศัพท์ที่หมายเลข 1430 กด 2
2. Inbox FB Lotus's Shop online
3. E-mail shoponline@lotuss.com
4. https://corporate.lotuss.com/contact-us/","1.For same day delivery orders (1-hour or 3-hour delivery), customers are unable to cancel the order in the system.
2.For next day delivery orders, customers can cancel the order on website within 11:59 p.m. of the purchase date.
Any queries , please contact the followings:

1.Call center 1430 press 2
2.Inbox FB Lotus's Shop online
3.E-mail shoponline@lotuss.com
4.https://corporate.lotuss.com/contact-us/","หากคุณลูกค้าต้องการยกเลิกคำสั่งซื้อ สามารถดำเนินการได้ดังนี้ค่ะ:

กรณีสั่งซื้อสินค้าเลือกจัดส่งวันถัดไป (Nextday): คุณลูกค้าสามารถกดยกเลิกด้วยตนเองผ่านระบบภายในเวลา 23:59 น. ของวันที่สั่งซื้อ 🕒

กรณีสั่งซื้อสินค้าเลือกจัดส่งภายในวัน ส่งทันที 1 ชม.หรือ ส่งทันที 3 ชม.(Sameday): กรณีส่งทันที 1 ชั่วโมงหรือ 3 ชั่วโมง คุณลูกค้า ไม่สามารถกดยกเลิกในระบบได้เอง ❌

แต่สามารถติดต่อส่วนงานบริการลูกค้าได้ตามช่องทางนี้ค่ะ:

โทรศัพท์ 1430 กด 2 ☎️
Inbox FB Lotus's Shop Online 💬
อีเมล: shoponline@lotuss.com 📧
","1. For same-day delivery orders (1-hour or 3-hour delivery), customers are unable to cancel the order in the system. 2. For next-day delivery orders, customers can cancel the order on the website by 11:59 p.m. of the purchase date. If there are further issues, please contact the following: 1. Call center 1430 press 2. 2. Inbox FB Lotus's Shop Online. 3. E-mail shoponline@lotuss.com. 4. https://corporate.lotuss.com/contact-us/","If you wish to cancel an order, you can do so as follows:

Next-day delivery orders: You can cancel the order yourself through the system before 11:59 PM on the order date 🕒.

Same-day delivery orders: For orders with 1-hour or 3-hour delivery, cancellations cannot be made directly through the system ❌. However, you can contact customer service through the following channels:

Phone: 1430, press 2 ☎️
Inbox: FB Lotus's Shop Online 💬
Email: shoponline@lotuss.com 📧",Order,O2O Shop Online
39,doc_id_th_39,doc_id_en_39,สอบถามการใช้งานคูปองสำหรับช้อปออนไลน์,How to use coupon ,สามารถกดใช้งานคูปองได้ ที่หน้าตะกร้าสินค้า > คูปองและคูปองเงินสด,"คุณลูกค้าสามารถใช้งานคูปองส่วนลดได้ที่หน้า ""ตะกร้าสินค้า"" จากนั้นเลือกเมนู ""คูปองและคูปองเงินสด""ค่ะ",Customer can apply the coupon on My Cart > Coupons and Vouchers,"คุณลูกค้าสามารถใช้งานคูปองส่วนลดได้ที่หน้า ""ตะกร้าสินค้า"" จากนั้นเลือกเมนู ""คูปองและคูปองเงินสด"" ค่ะ 😊

","Customers can apply the coupon on ""My Cart"" > ""Coupons and Vouchers"".","You can use discount coupons by going to the ""Shopping Cart"" page and selecting the ""Coupons and Cash Coupons"" menu 😊.",Promotion,O2O Shop Online
40,doc_id_th_40,doc_id_en_40,สอบถามเกี่ยวกับขั้นตอนการคืนสินค้าช้อปออนไลน์,How to return,"1. สามารถคืนสินค้าได้ ณ จุดบริการได้ทุกสาขาภายใน 7 วันนับตั้งแต่วันที่ได้รับสินค้า
2. สำหรับกรณีสินค้าของสด รับคืนภายในวันถัดไปหลังจากวันที่ได้รับสินค้าเท่านั้น
3. การคืนสินค้าต้องแสดงเอกสารใบส่งสินค้าหรือใบสั่งซื้อด้วยทุกครั้ง
4. การคืนสินค้าต้องนำสินค้าที่ต้องการคืนมาด้วยทุกครั้ง ตามเงื่อนไขดังนี้
    4.1 กรณีคืนสินค้าบางชิ้นหรือบางรายการ - ให้ลูกค้านำสินค้ารายการที่ต้องการคืนสาขา (พร้อมของแถม) พร้อมเอกสารจากข้อ 3 โดยสินค้าต้องอยู่ในสภาพดีไม่ผ่านการใช้งาน
     4.2 กรณีคืนสินค้าทุกชิ้น - ให้ลูกค้านำสินค้าทุกรายการส่งคืนสาขา (พร้อมของแถม) พร้อมเอกสารจากข้อ 3 โดยสินค้าต้องอยู่ในสภาพดีไม่ผ่านการใช้งาน
5. การคืนเงินจะคืนเป็นเงินสดเท่านั้น","หากคุณลูกค้าต้องการคืนสินค้า มีวิธีการดังนี้ค่ะ
1. สามารถคืนสินค้าได้ ณ จุดบริการได้ทุกสาขาภายใน 7 วันนับตั้งแต่วันที่ได้รับสินค้า
2. สำหรับกรณีสินค้าของสด รับคืนภายในวันถัดไปหลังจากวันที่ได้รับสินค้าเท่านั้น
3. การคืนสินค้าต้องแสดงเอกสารใบส่งสินค้าหรือใบสั่งซื้อด้วยทุกครั้ง
4. การคืนสินค้าต้องนำสินค้าที่ต้องการคืนมาด้วยทุกครั้ง ตามเงื่อนไขดังนี้
    4.1 กรณีคืนสินค้าบางชิ้นหรือบางรายการ - ให้ลูกค้านำสินค้ารายการที่ต้องการคืนสาขา (พร้อมของแถม) พร้อมเอกสารจากข้อ 3 โดยสินค้าต้องอยู่ในสภาพดีไม่ผ่านการใช้งาน
     4.2 กรณีคืนสินค้าทุกชิ้น - ให้ลูกค้านำสินค้าทุกรายการส่งคืนสาขา (พร้อมของแถม) พร้อมเอกสารจากข้อ 3 โดยสินค้าต้องอยู่ในสภาพดีไม่ผ่านการใช้งาน
5. การคืนเงินจะคืนเป็นเงินสดเท่านั้นค่ะ","1.Customer can return the product at the customer service counter at any store within 7 days from the date of receiving the product.
2.For fresh products, customers may return the product within  the next day after receiving the product only.
3.In case of refund, delivery document or purchase order document (email) is required.
4.In case of refund, you must bring the products you want to return and follow the   conditions set out below.
4.1 In case of partial refund, customers are required to return the products which they want to refund (including the premium items) together with document set out in 3) above in good condition and unused.
4.2 In case of wholly refund , customers are required to return all products (including the premium items) together with document set out in 3. above in good condition and unused.
5.Refund will be provided in cash only.","หากคุณลูกค้าต้องการคืนสินค้า มีวิธีการดังนี้ค่ะ 😊

1. สามารถคืนสินค้าได้ ณ จุดบริการได้ทุกสาขาภายใน 7 วันนับตั้งแต่วันที่ได้รับสินค้า
2. สำหรับกรณีสินค้าของสด รับคืนภายในวันถัดไปหลังจากวันที่ได้รับสินค้าเท่านั้น
3. การคืนสินค้าต้องแสดงเอกสารใบส่งสินค้าหรือใบสั่งซื้อด้วยทุกครั้ง
4. การคืนสินค้าต้องนำสินค้าที่ต้องการคืนมาด้วยทุกครั้ง ตามเงื่อนไขดังนี้
    4.1 กรณีคืนสินค้าบางชิ้นหรือบางรายการ - ให้ลูกค้านำสินค้ารายการที่ต้องการคืนสาขา (พร้อมของแถม) พร้อมเอกสารจากข้อ 3 โดยสินค้าต้องอยู่ในสภาพดีไม่ผ่านการใช้งาน
     4.2 กรณีคืนสินค้าทุกชิ้น - ให้ลูกค้านำสินค้าทุกรายการส่งคืนสาขา (พร้อมของแถม) พร้อมเอกสารจากข้อ 3 โดยสินค้าต้องอยู่ในสภาพดีไม่ผ่านการใช้งาน
5. การคืนเงินจะคืนเป็นเงินสดเท่านั้นค่ะ",If you want to return a product: 1. Products can be returned at the Lotus customer service counter within 7 days from the date of receiving the product. 2. Fresh products must be returned the next day only. 3. Refunds require a delivery document or purchase order document (email). 4. Returned products must be in good condition and unused. 5. Refunds will be issued in cash only.,"If you wish to return a product, here’s how 😊:

1.Products can be returned at any service point within 7 days of receiving the item.
2.For fresh products, returns are accepted only on the following day after receiving the item.
3.Returns must always be accompanied by the delivery note or order receipt.
4.The product must be returned under the following conditions:
-Partial return (specific items): Bring the item(s) to the branch along with the delivery note/receipt and any free gifts. The product must be in good condition and unused.
-Full return (all items): Bring all purchased items to the branch along with the delivery note/receipt and any free gifts. The products must be in good condition and unused.
5.Refunds will be issued in cash only.",Order,O2O Shop Online
41,doc_id_th_41,doc_id_en_41,ติดต่อส่วนงานบริการลูกค้าช้อปออนไลน์,Contact channels for Shop Online,"ติดต่อส่วนงานบริการลูกค้าได้ตามช่องทางดังนี้
Inbox FB Lotus's Shop online
E-mail shoponline@lotuss.com
https://corporate.lotuss.com/contact-us/
โทรศัพท์ที่หมายเลข 1430 กด 2","คุณลูกค้าสามารถติดต่อส่วนงานบริการลูกค้าช้อปออนไลน์ได้ตามช่องทางดังนี้ค่ะ
- Inbox FB Lotus's Shop Online
- อีเมล shoponline@lotuss.com
- เว็บไซต์ https://corporate.lotuss.com/contact-us/
- โทรศัพท์ที่หมายเลข 1430 กด 2 
","Contact channels:

1.Inbox FB Lotus's Shop online
2.E-mail shoponline@lotuss.com
3.https://corporate.lotuss.com/contact-us/
4.Call center 1430 press 2","คุณลูกค้าสามารถติดต่อส่วนงานบริการลูกค้าช้อปออนไลน์ได้ที่:

Inbox FB Lotus's Shop Online 💬
อีเมล: shoponline@lotuss.com 📧
เว็บไซต์: https://corporate.lotuss.com/contact-us/🌐
โทรศัพท์ 1430 กด 2 ☎️","Contact channels:

1.Inbox FB Lotus's Shop online
2.E-mail shoponline@lotuss.com
3.https://corporate.lotuss.com/contact-us/
4.Call center 1430 press 2","You can contact online shopping customer service via the following channels:

Inbox: FB Lotus's Shop Online 💬
Email: shoponline@lotuss.com 📧
Website: https://corporate.lotuss.com/contact-us/ 🌐
Phone: 1430, press 2 ☎️",General,O2O Shop Online
42,doc_id_th_42,doc_id_en_42,การจัดส่งสินค้าช้อปออนไลน์,Delivery,"สำหรับการสั่งซื้อสินค้าประเภทจัดส่งในวันถัดไป ต้องกดสั่งซื้อและชำระเงินสำเร็จก่อนเวลา 23:59 น. เท่านั้น  เพื่อให้ระบบบันทึกข้อมูลและจัดส่งได้ในวันพรุ่งนี้ หากเลยเวลาดังกล่าว คำสั่งซื้อจะถูกจัดส่งในวันถัดจากวันที่ชำระเงินสำเร็จ (T+1)
เพื่อรักษาความเป็นส่วนตัวของลูกค้า พนักงานจะจัดส่งสินค้าเฉพาะบริเวณหน้าบ้านลูกค้า, ล็อบบี้ใต้ตึกสำนักงาน อพาร์ทเมนท์หรือคอนโดมิเนียมเท่านั้น

กรณีมีเหตุสุดวิสัย ภัยธรรมชาติ อุบัติเหตุ หรือเหตุอืน่ใดที่อยู่นอกเหนือการควบคุมของบริษัท เช่น น้ำท่วม แผ่นดินไหว พายุ การชุมนุม การก่อการร้าย เป็นต้น หากบริษัทพิจารณาว่าเหตุดังกล่าวอาจมีผลต่อการจัดส่งสินค้า บริษัทขอสงวนสิทธิในการยกเลิกคำสั่งซื้อ ยกเลิกการจัดส่ง จัดส่งสินค้าล่าช้า หรือดำเนินการอื่นใดตามที่บริษัทเห็นสมควร","คุณลูกค้าสามารถเลือกวิธีการจัดส่งได้ดังนี้ค่ะ
1.จัดส่งภายในวัน Sameday Delivery (ส่งทันที 1 ชม.จากสาขาเล็กหรือส่งทันที 3 ชม.จากสาขาใหญ่ ) 

2.จัดส่งวันถัดไปจากสาขาใหญ่ Next day Delivery เลือกรอบจัดส่งได้ดังนี้
10:00-14:00 
14:00-18:00
18:00-21:00
ซึ่งรอบจัดส่งดังกล่าว ขึ้นอยู่กับพื้นที่ให้บริการของแต่ละสาขาค่ะ
สำหรับคำสั่งซื้อสินค้าประเภทจัดส่งวันถัดไป (Next Day Delivery) คุณลูกค้าต้องกดสั่งซื้อและชำระเงินให้เสร็จสิ้นก่อนเวลา 23:59 น. เพื่อให้ระบบสามารถบันทึกข้อมูลและดำเนินการจัดส่งในวันถัดไป หากเลยเวลาที่กำหนด คำสั่งซื้อจะถูกจัดส่งในวันถัดจากวันชำระเงินสำเร็จ (T+1) 

เพื่อความเป็นส่วนตัว พนักงานจะจัดส่งเฉพาะบริเวณหน้าบ้าน, ล็อบบี้ใต้ตึกสำนักงาน, อพาร์ทเมนท์ หรือคอนโดมิเนียมเท่านั้น หากเกิดเหตุสุดวิสัย เช่น ภัยธรรมชาติ, อุบัติเหตุ หรือเหตุการณ์อื่น ๆ ที่อยู่นอกเหนือการควบคุมของบริษัท บริษัทขอสงวนสิทธิ์ในการยกเลิกคำสั่งซื้อ, ยกเลิกการจัดส่ง, หรือดำเนินการอื่น ๆ ตามที่บริษัทเห็นสมควรค่ะ","For next day delivery orders, customers have to successfully place an order and  make the payment before 11:59 pm. in order to system records and next day delivery. Failure to complete the order within the aforementioned,  the order will be delivered on the next day after the payment is completed (T+1).

For customer privacy, staff will deliver the products to the front of the customer's house, lobby under the office  buildings,apartments, or condominiums.

In case of force majeur, natural disaster, accidents or other incidents which are out of the company's control including   floods, earthquakes, storms, demonstrations, terrorism, etc, if the company considers that such incidents may affect the delivery, the company reserves the right to cancel order, cancel delivery, delay delivery or take any other actions it deems appropriate.","คุณลูกค้าสามารถเลือกวิธีการจัดส่งได้ดังนี้ค่ะ

1.จัดส่งภายในวัน Sameday Delivery (ส่งทันที 1 ชม.จากสาขาเล็กหรือส่งทันที 3 ชม.จากสาขาใหญ่ ) 

2.จัดส่งวันถัดไปจากสาขาใหญ่ Next day Delivery เลือกรอบจัดส่งได้ดังนี้  🚚
10:00-14:00 
14:00-18:00
18:00-21:00

ซึ่งรอบจัดส่งดังกล่าว ขึ้นอยู่กับพื้นที่ให้บริการของแต่ละสาขาค่ะ
สำหรับคำสั่งซื้อสินค้าประเภทจัดส่งวันถัดไป (Next Day Delivery) คุณลูกค้าต้องกดสั่งซื้อและชำระเงินให้เสร็จสิ้นก่อนเวลา 23:59 น. เพื่อให้ระบบสามารถบันทึกข้อมูลและดำเนินการจัดส่งในวันถัดไป หากเลยเวลาที่กำหนด คำสั่งซื้อจะถูกจัดส่งในวันถัดจากวันชำระเงินสำเร็จ (T+1)   📅

เพื่อความเป็นส่วนตัว พนักงานจะจัดส่งเฉพาะบริเวณหน้าบ้าน, ล็อบบี้ใต้ตึกสำนักงาน, อพาร์ทเมนท์ หรือคอนโดมิเนียมเท่านั้น หากเกิดเหตุสุดวิสัย เช่น ภัยธรรมชาติ, อุบัติเหตุ หรือเหตุการณ์อื่น ๆ ที่อยู่นอกเหนือการควบคุมของบริษัท บริษัทขอสงวนสิทธิ์ในการยกเลิกคำสั่งซื้อ, ยกเลิกการจัดส่ง, หรือดำเนินการอื่น ๆ ตามที่บริษัทเห็นสมควรค่ะ ⚠️","For next day delivery orders, customers have to successfully place an order and  make the payment before 11:59 pm. in order to system records and next day delivery. Failure to complete the order within the aforementioned,  the order will be delivered on the next day after the payment is completed (T+1).

For customer privacy, staff will deliver the products to the front of the customer's house, lobby under the office  buildings,apartments, or condominiums.

In case of force majeur, natural disaster, accidents or other incidents which are out of the company's control including   floods, earthquakes, storms, demonstrations, terrorism, etc, if the company considers that such incidents may affect the delivery, the company reserves the right to cancel order, cancel delivery, delay delivery or take any other actions it deems appropriate.","You can choose from the following delivery methods:

Same-Day Delivery:

Delivered within 1 hour from small branches or within 3 hours from large branches.
Next-Day Delivery:

Delivery slots:

10:00 AM – 2:00 PM
2:00 PM – 6:00 PM
6:00 PM – 9:00 PM 🚚
Delivery availability depends on the service area of each branch.

Orders must be placed and paid for by 11:59 PM for next-day delivery. If payment is made after this time, delivery will occur on the day after the payment date (T+1) 📅.

For privacy, delivery will be made only to the front of your house, building lobby, apartment, or condominium. In case of unforeseen events such as natural disasters, accidents, or other uncontrollable circumstances, the company reserves the right to cancel orders, cancel deliveries, or take other appropriate actions ⚠️.",Delivery,O2O Shop Online
43,doc_id_th_43,doc_id_en_43,ระยะเวลาการคืนเงินบัตรเครดิตสำหรับช้อปออนไลน์,Refund ( Credit Card ),"
1.ยกเลิกคำสั่งซื้อทั้งออเดอร์ ยอดเงินที่แจ้งในขั้นตอนการสั่งซื้อ เป็นเพียงการจองวงเงินในบัตรเครดิตเท่านั้น ซึ่งจะไม่มีการเรียกเก็บในบัญชีบัตรเครดิต วงเงินดังกล่าวจะคืนเข้าบัตรระยะเวลา 7-14 วันทำการ ขึ้นอยู่กับนโยบายของธนาคารผู้ออกบัตร ( นับจากวันที่ยกเลิกในระบบ ) ลูกค้าสามารถตรวจสอบการคืนวงเงินได้จากธนาคารโดยตรง
2.ยกเลิกสินค้าบางรายการ ระบบจะทำการ เรียกเก็บเงินตามมูลค่าที่เกิดขึ้นจริง ของราคาสินค้าที่ได้รับเท่านั้น ซึ่งยอดที่เรียกเก็บจริงอาจไม่ตรงกับยอดเงินที่แจ้งในขั้นตอนการสั่งซื้อ ลูกค้าสามารถตรวจสอบยอดรวมค่าสินค้าได้จากใบส่งสินค้าที่ได้รับจากพนักงานจัดส่ง หรือตรวจสอบจากใบเสร็จอย่างย่อ / ใบกำกับภาษีที่ได้รับทางอีเมล
3.การคืนสินค้า สามารถคืนสินค้า ได้ตาม “เงื่อนไขการคืนสินค้า สำหรับการสั่งซื้อผ่านช่องทางออนไลน์” วงเงินดังกล่าวจะคืนเข้าบัตรระยะเวลา 7-45 วันทำการ ขึ้นอยู่กับนโยบายของธนาคารผู้ออกบัตร ( นับจากวันที่ยกเลิกในระบบ )","หากยกเลิกคำสั่งซื้อที่ชำระผ่านบัตรเครดิต มีระยะเวลาการคืนเงินดังนี้ค่ะ

1.ยกเลิกคำสั่งซื้อทั้งออเดอร์ 
ยอดเงินที่แจ้งในขั้นตอนการสั่งซื้อ เป็นเพียงการจองวงเงินในบัตรเครดิตเท่านั้น ซึ่งจะไม่มีการเรียกเก็บในบัญชีบัตรเครดิต วงเงินดังกล่าวจะคืนเข้าบัตรระยะเวลา 7-14 วันทำการ ขึ้นอยู่กับนโยบายของธนาคารผู้ออกบัตร ( นับจากวันที่ยกเลิกในระบบ ) ลูกค้าสามารถตรวจสอบการคืนวงเงินได้จากธนาคารโดยตรง

2.ยกเลิกสินค้าบางรายการ 
ระบบจะทำการ เรียกเก็บเงินตามมูลค่าที่เกิดขึ้นจริง ของราคาสินค้าที่ได้รับเท่านั้น ซึ่งยอดที่เรียกเก็บจริงอาจไม่ตรงกับยอดเงินที่แจ้งในขั้นตอนการสั่งซื้อ ลูกค้าสามารถตรวจสอบยอดรวมค่าสินค้าได้จากใบส่งสินค้าที่ได้รับจากพนักงานจัดส่ง หรือตรวจสอบจากใบเสร็จอย่างย่อ / ใบกำกับภาษีที่ได้รับทางอีเมล

3.ต้องการคืนสินค้า 
สามารถทำได้ตาม “เงื่อนไขการคืนสินค้า สำหรับการสั่งซื้อผ่านช่องทางออนไลน์” วงเงินดังกล่าวจะคืนเข้าบัตรระยะเวลา 7-45 วันทำการ ขึ้นอยู่กับนโยบายของธนาคารผู้ออกบัตร ( นับจากวันที่ยกเลิกในระบบ )ค่ะ","1. Canceling the entire order
The amount shown during the order process is only a pre-authorization hold on your credit card. No actual charge will be made to your credit card account. The held amount will be released back to your card within 7-14 business days, depending on the issuing bank’s policy (calculated from the cancellation date in the system). Customers can check the release of the held amount directly with their bank.
2. Canceling specific items
The system will charge the actual amount corresponding to the price of the items you receive. The actual charge may differ from the amount shown during the ordering process. Customers can verify the total charged for the items via the delivery note received from the delivery staff or through the receipt/tax invoice sent via email.
3. Returning items
Items can be returned according to the “Return Policy for Online Orders.” The refunded amount will be returned to your card within 7-45 business days, depending on the issuing bank’s policy (calculated from the cancellation date in the system).","หากยกเลิกคำสั่งซื้อที่ชำระผ่านบัตรเครดิต มีระยะเวลาการคืนเงินดังนี้ค่ะ

1.ยกเลิกคำสั่งซื้อทั้งออเดอร์ 
ยอดเงินที่แจ้งในขั้นตอนการสั่งซื้อ เป็นเพียงการจองวงเงินในบัตรเครดิตเท่านั้น ซึ่งจะไม่มีการเรียกเก็บในบัญชีบัตรเครดิต วงเงินดังกล่าวจะคืนเข้าบัตรระยะเวลา 7-14 วันทำการ ขึ้นอยู่กับนโยบายของธนาคารผู้ออกบัตร ( นับจากวันที่ยกเลิกในระบบ ) ลูกค้าสามารถตรวจสอบการคืนวงเงินได้จากธนาคารโดยตรง 📅

2.ยกเลิกสินค้าบางรายการ 
ระบบจะทำการ เรียกเก็บเงินตามมูลค่าที่เกิดขึ้นจริง ของราคาสินค้าที่ได้รับเท่านั้น ซึ่งยอดที่เรียกเก็บจริงอาจไม่ตรงกับยอดเงินที่แจ้งในขั้นตอนการสั่งซื้อ ลูกค้าสามารถตรวจสอบยอดรวมค่าสินค้าได้จากใบส่งสินค้าที่ได้รับจากพนักงานจัดส่ง หรือตรวจสอบจากใบเสร็จอย่างย่อ / ใบกำกับภาษีที่ได้รับทางอีเมล 📜

3.ต้องการคืนสินค้า 
สามารถทำได้ตาม “เงื่อนไขการคืนสินค้า สำหรับการสั่งซื้อผ่านช่องทางออนไลน์” วงเงินดังกล่าวจะคืนเข้าบัตรระยะเวลา 7-45 วันทำการ ขึ้นอยู่กับนโยบายของธนาคารผู้ออกบัตร ( นับจากวันที่ยกเลิกในระบบ )ค่ะ 🛍️","1. Canceling the entire order
The amount shown during the order process is only a pre-authorization hold on your credit card. No actual charge will be made to your credit card account. The held amount will be released back to your card within 7-14 business days, depending on the issuing bank’s policy (calculated from the cancellation date in the system). Customers can check the release of the held amount directly with their bank.
2. Canceling specific items
The system will charge the actual amount corresponding to the price of the items you receive. The actual charge may differ from the amount shown during the ordering process. Customers can verify the total charged for the items via the delivery note received from the delivery staff or through the receipt/tax invoice sent via email.
3. Returning items
Items can be returned according to the “Return Policy for Online Orders.” The refunded amount will be returned to your card within 7-45 business days, depending on the issuing bank’s policy (calculated from the cancellation date in the system).","If you cancel an order paid by credit card, the refund process is as follows:

Cancel the entire order:

The amount shown during the order process is only a reserved amount, not an actual charge. The reserved amount will be released back to the credit card within 7-14 business days, depending on your bank’s policy (counted from the cancellation date). Please contact your bank directly for confirmation 📅.
Cancel specific items:

The system will charge only for the actual value of the delivered items. The actual charged amount may differ from the initial order amount. Customers can verify the final total from the delivery note or the receipt/invoice sent via email 📜.
Return items:

Refunds will be processed as per the ""Online Order Return Policy,"" and the amount will be returned to the credit card within 7-45 business days, depending on your bank’s policy 🛍️.",Refund,O2O Shop Online
44,doc_id_th_44,doc_id_en_44,ระยะเวลาการคืนเงินTrue Money We Cardสำหรับช้อปออนไลน์,Refund ( True Money We Card ),"1.ยกเลิกคำสั่งซื้อทั้งออเดอร์ คืนเงินระยะเวลา 3-5 วันทำการ
2.ยกเลิกสินค้าบางรายการ คืนยอดเงินส่วนต่างระยะเวลา 3-5 วันทำการ
3.การคืนสินค้า สามารถคืนสินค้า ได้ตาม “เงื่อนไขการคืนสินค้า สำหรับการสั่งซื้อผ่านช่องทางออนไลน์” ระบบจะคืนเงินระยะเวลา 7-45 วันทำการ ขึ้นอยู่กับนโยบายของธนาคารผู้ออกบัตร (นับจากวันที่ยกเลิกในระบบ)","หากยกเลิกคำสั่งซื้อที่ชำระผ่าน True Money We Card มีระยะเวลาการคืนเงินดังนี้ค่ะ

1.ยกเลิกคำสั่งซื้อทั้งออเดอร์
ระบบจะดำเนินการคืนเงินกลับไปยังบัตร True Money We Card ภายใน 3-5 วันทำการ (นับจากวันที่คำสั่งยกเลิกในระบบ)

2.ยกเลิกสินค้าบางรายการ
ระบบจะคืนยอดเงินส่วนต่างกลับไปยังบัตร True Money We Card ภายใน 3-5 วันทำการ

3.การคืนสินค้า
สามารถทำได้ตาม “เงื่อนไขการคืนสินค้า สำหรับการสั่งซื้อผ่านช่องทางออนไลน์” โดยระบบจะคืนเงินเข้าบัตร True Money We Card ภายใน 7-45 วันทำการ (นับจากวันที่คำสั่งคืนสินค้าได้รับการยืนยันในระบบ) ทั้งนี้ ระยะเวลาอาจแตกต่างกันขึ้นอยู่กับนโยบายของธนาคารผู้ออกบัตร

หมายเหตุ: หากคุณลูกค้าต้องการตรวจสอบสถานะการคืนเงิน สามารถติดต่อธนาคารผู้ออกบัตรโดยตรงค่ะ","1. Canceling the entire order
The refund will be processed within 3-5 business days.
2. Canceling specific items
The price difference will be refunded within 3-5 business days.
3. Returning items
Items can be returned according to the “Return Policy for Online Orders.” The refund will be processed within 7-45 business days, depending on the issuing bank’s policy (calculated from the cancellation date in the system).","หากยกเลิกคำสั่งซื้อที่ชำระผ่าน True Money We Card มีระยะเวลาการคืนเงินดังนี้ค่ะ

1.ยกเลิกคำสั่งซื้อทั้งออเดอร์
ระบบจะดำเนินการคืนเงินกลับไปยังบัตร True Money We Card ภายใน 3-5 วันทำการ (นับจากวันที่คำสั่งยกเลิกในระบบ)

2.ยกเลิกสินค้าบางรายการ
ระบบจะคืนยอดเงินส่วนต่างกลับไปยังบัตร True Money We Card ภายใน 3-5 วันทำการ

3.การคืนสินค้า
สามารถทำได้ตาม “เงื่อนไขการคืนสินค้า สำหรับการสั่งซื้อผ่านช่องทางออนไลน์” โดยระบบจะคืนเงินเข้าบัตร True Money We Card ภายใน 7-45 วันทำการ (นับจากวันที่คำสั่งคืนสินค้าได้รับการยืนยันในระบบ) ทั้งนี้ ระยะเวลาอาจแตกต่างกันขึ้นอยู่กับนโยบายของธนาคารผู้ออกบัตร

หมายเหตุ: หากคุณลูกค้าต้องการตรวจสอบสถานะการคืนเงิน สามารถติดต่อธนาคารผู้ออกบัตรโดยตรงค่ะ 😊","1. Canceling the entire order
The refund will be processed within 3-5 business days.
2. Canceling specific items
The price difference will be refunded within 3-5 business days.
3. Returning items
Items can be returned according to the “Return Policy for Online Orders.” The refund will be processed within 7-45 business days, depending on the issuing bank’s policy (calculated from the cancellation date in the system).","If you cancel an order paid by True Money We Card, the refund process is as follows:

1.Cancel the entire order:

The refund will be processed back to your True Money We Card within 3-5 business days (counted from the cancellation date).

2.Cancel specific items:

The system will refund the difference to your True Money We Card within 3-5 business days.

3.Return items:

Refunds will be processed as per the ""Online Order Return Policy"" and returned to the True Money We Card within 7-45 business days, depending on your bank’s policy.

Note: For refund status, please contact your card-issuing bank directly 😊.

",Refund,O2O Shop Online
45,doc_id_th_45,doc_id_en_45,ระยะเวลาการคืนเงินบัตรเดบิตสำหรับช้อปออนไลน์,Refund ( Debit Card ),"1.ยกเลิกคำสั่งซื้อทั้งออเดอร์ ระบบจะทำการคืนเงินกลับไปยังบัตรเดบิตที่ใช้ชำระเงิน ระยะเวลา 30-45 วันทำการ ( นับจากวันที่ยกเลิกในระบบ ) ขึ้นอยู่กับนโยบายของธนาคารผู้ออกบัตร ลูกค้าสามารถตรวจสอบการคืนวงเงินได้จากธนาคารโดยตรง
2.ยกเลิกสินค้าบางรายการ ระบบจะทำการ คืนยอดเงินส่วนต่าง กลับไปยังบัตรเดบิตที่ใช้ชำระเงิน ระยะเวลาประมาณ 30-45 วันทำการ นับจากวันที่มีการจัดส่งสินค้า ขึ้นอยู่กับนโยบายของธนาคารผู้ออกบัตร ลูกค้าสามารถตรวจสอบการคืนเงินได้จากธนาคารโดยตรง
3.การคืนสินค้า สามารถคืนสินค้า ได้ตาม “เงื่อนไขการคืนสินค้า สำหรับการสั่งซื้อผ่านช่องทางออนไลน์” ระบบจะคืนยอดเงินกลับไปยังบัตรเดบิตที่ใช้ชำระเงิน ระยะเวลาประมาณ 30-45 วันทำการ (นับจากวันที่ยกเลิกในระบบ)","หากยกเลิกคำสั่งซื้อที่ชำระผ่านผ่านบัตรเดบิต (Debit Card) มีระยะเวลาการคืนเงินดังนี้ค่ะ 

1.ยกเลิกคำสั่งซื้อทั้งหมด 
ระบบจะดำเนินการคืนเงินกลับไปยังบัตรเดบิตที่ใช้ในการชำระเงิน ภายใน 30-45 วันทำการ (นับจากวันที่คำสั่งยกเลิกในระบบ) ทั้งนี้ ระยะเวลาขึ้นอยู่กับนโยบายของธนาคารผู้ออกบัตร หากต้องการตรวจสอบสถานะการคืนเงิน คุณลูกค้าสามารถติดต่อธนาคารผู้ออกบัตรได้โดยตรง

2.ยกเลิกเฉพาะสินค้าบางรายการ 
ระบบจะดำเนินการคืนยอดเงินส่วนต่างกลับไปยังบัตรเดบิตที่ใช้ชำระเงิน ภายใน 30-45 วันทำการ (นับจากวันที่สินค้าถูกจัดส่ง) ทั้งนี้ ระยะเวลาขึ้นอยู่กับนโยบายของธนาคารผู้ออกบัตร

3.การคืนสินค้า
สามารถทำได้ตาม “เงื่อนไขการคืนสินค้า สำหรับการสั่งซื้อผ่านช่องทางออนไลน์” โดยจะคืนยอดเงินกลับไปยังบัตรเดบิตที่ใช้ชำระเงิน ภายใน 30-45 วันทำการ (นับจากวันที่คำสั่งคืนสินค้าได้รับการยืนยันในระบบ)

หมายเหตุ: หากคุณลูกค้าพบปัญหาหรือข้อสงสัยเกี่ยวกับสถานะการคืนเงิน สามารถสอบถามธนาคารผู้ออกบัตรได้โดยตรงค่ะ","1. Canceling the entire order
The refund will be processed back to the debit card used for payment within 30-45 business days (calculated from the cancellation date in the system), depending on the issuing bank’s policy. Customers can check the refund status directly with their bank.
2. Canceling specific items
The system will refund the price difference to the debit card used for payment within approximately 30-45 business days, calculated from the shipping date. The exact timeframe depends on the issuing bank’s policy. Customers can check the refund status directly with their bank.
3. Returning items
Items can be returned in accordance with the “Return Policy for Online Orders.” Refunds will be processed back to the debit card used for payment within approximately 30-45 business days (calculated from the cancellation date in the system)","หากยกเลิกคำสั่งซื้อที่ชำระผ่านผ่านบัตรเดบิต (Debit Card) มีระยะเวลาการคืนเงินดังนี้ค่ะ 😊 

1.ยกเลิกคำสั่งซื้อทั้งหมด 
ระบบจะดำเนินการคืนเงินกลับไปยังบัตรเดบิตที่ใช้ในการชำระเงิน ภายใน 30-45 วันทำการ (นับจากวันที่คำสั่งยกเลิกในระบบ) ทั้งนี้ ระยะเวลาขึ้นอยู่กับนโยบายของธนาคารผู้ออกบัตร หากต้องการตรวจสอบสถานะการคืนเงิน คุณลูกค้าสามารถติดต่อธนาคารผู้ออกบัตรได้โดยตรง

2.ยกเลิกเฉพาะสินค้าบางรายการ 
ระบบจะดำเนินการคืนยอดเงินส่วนต่างกลับไปยังบัตรเดบิตที่ใช้ชำระเงิน ภายใน 30-45 วันทำการ (นับจากวันที่สินค้าถูกจัดส่ง) ทั้งนี้ ระยะเวลาขึ้นอยู่กับนโยบายของธนาคารผู้ออกบัตร

3.การคืนสินค้า
สามารถทำได้ตาม “เงื่อนไขการคืนสินค้า สำหรับการสั่งซื้อผ่านช่องทางออนไลน์” โดยจะคืนยอดเงินกลับไปยังบัตรเดบิตที่ใช้ชำระเงิน ภายใน 30-45 วันทำการ (นับจากวันที่คำสั่งคืนสินค้าได้รับการยืนยันในระบบ)

หมายเหตุ: หากคุณลูกค้าพบปัญหาหรือข้อสงสัยเกี่ยวกับสถานะการคืนเงิน สามารถสอบถามธนาคารผู้ออกบัตรได้โดยตรงค่ะ","1. Canceling the entire order
The refund will be processed back to the debit card used for payment within 30-45 business days (calculated from the cancellation date in the system), depending on the issuing bank’s policy. Customers can check the refund status directly with their bank.
2. Canceling specific items
The system will refund the price difference to the debit card used for payment within approximately 30-45 business days, calculated from the shipping date. The exact timeframe depends on the issuing bank’s policy. Customers can check the refund status directly with their bank.
3. Returning items
Items can be returned in accordance with the “Return Policy for Online Orders.” Refunds will be processed back to the debit card used for payment within approximately 30-45 business days (calculated from the cancellation date in the system)","If you cancel an order paid by debit card, the refund process is as follows 😊:

1.Cancel the entire order:

Refunds will be processed back to the debit card used for payment within 30-45 business days (counted from the cancellation date), depending on your bank’s policy. For confirmation, contact your card-issuing bank directly.

2.Cancel specific items:

The system will refund the difference to the debit card used for payment within 30-45 business days (counted from the cancellation date), depending on your bank’s policy.

3.Return items:

Refunds will be processed as per the ""Online Order Return Policy"" and returned to the debit card within 30-45 business days (counted from the return confirmation date).
Note: For any issues or questions about refund status, please contact your card-issuing bank directly.",Refund,O2O Shop Online
46,doc_id_th_46,doc_id_en_46,ระยะเวลาการคืนเงินชำระปลายทางด้วยเงินสด สำหรับช้อปออนไลน์,Refund ( Pay on Delivery - Cash ),"1.ยกเลิกคำสั่งซื้อทั้งออเดอร์ ไม่มีการเรียกเก็บเงินสดและไม่มีการคืนเงิน
2.ยกเลิกสินค้าบางรายการ เรียกเก็บเงินสดตามราคาของสินค้าที่ได้รับในวันที่รับสินค้า
3.การคืนสินค้า สามารถคืนสินค้า ได้ตาม “เงื่อนไขการคืนสินค้า สำหรับการสั่งซื้อผ่านช่องทางออนไลน์” และรับเงินสดคืนสินค้าที่สาขา","หากยกเลิกคำสั่งซื้อที่ชำระชำระปลายทางด้วยเงินสด  มีระยะเวลาการคืนเงินดังนี้ค่ะ 
 1. ยกเลิกคำสั่งซื้อทั้งออเดอร์
ไม่มีการเรียกเก็บเงินสด และจะไม่มีการคืนเงิน

2. ยกเลิกสินค้าบางรายการ
ระบบจะเรียกเก็บเงินสดตามราคาสินค้าที่คุณลูกค้าได้รับในวันที่รับสินค้า

3.การคืนสินค้า
สามารถทำได้ตาม “เงื่อนไขการคืนสินค้า สำหรับการสั่งซื้อผ่านช่องทางออนไลน์”และรับเงินสดคืนได้ที่สาขาของโลตัสค่ะ","1. Canceling the entire order
No cash payment will be collected, and no refund will be issued.
2. Canceling specific items
Cash payment will be collected based on the price of the items received on the delivery date.
3. Returning items
Items can be returned in accordance with the “Return Policy for Online Orders,” and a cash refund can be processed at the store.","หากยกเลิกคำสั่งซื้อที่ชำระชำระปลายทางด้วยเงินสด  มีระยะเวลาการคืนเงินดังนี้ค่ะ 😊
 1. ยกเลิกคำสั่งซื้อทั้งออเดอร์
ไม่มีการเรียกเก็บเงินสด และจะไม่มีการคืนเงิน

2. ยกเลิกสินค้าบางรายการ
ระบบจะเรียกเก็บเงินสดตามราคาสินค้าที่คุณลูกค้าได้รับในวันที่รับสินค้า

3.การคืนสินค้า
สามารถทำได้ตาม “เงื่อนไขการคืนสินค้า สำหรับการสั่งซื้อผ่านช่องทางออนไลน์”และรับเงินสดคืนได้ที่สาขาของโลตัสค่ะ","If you cancel an order paid cash on delivery, the refund process is as follows :

1.Cancel the entire order:

No cash will be collected, and no refund is required.

2.Cancel specific items:

Cash will be collected only for the delivered items on the delivery date.

3.Return items:

Refunds can be made as per the ""Online Order Return Policy,"" and cash refunds will be processed at Lotus’s branches.","If you cancel an order paid cash on delivery, the refund process is as follows 😊:

1.Cancel the entire order:

No cash will be collected, and no refund is required.

2.Cancel specific items:

Cash will be collected only for the delivered items on the delivery date.

3.Return items:

Refunds can be made as per the ""Online Order Return Policy,"" and cash refunds will be processed at Lotus’s branches.",Refund,O2O Shop Online
47,doc_id_th_47,doc_id_en_47,ระยะเวลาการคืนเงินชำระปลายทางด้วยทรูมันนี่ วอลเล็ท สำหรับช้อปออนไลน์,Refund ( Pay on Delivery - True Money Wallet ),"1.ยกเลิกคำสั่งซื้อทั้งออเดอร์ ไม่มีการเรียกเก็บเงินสดและไม่มีการคืนเงิน
2.ยกเลิกสินค้าบางรายการ ยังไม่รองรับการยกเลิกสินค้าบางรายการ
3.การคืนสินค้า 
1) ทรูมันนี่ วอลเล็ท แบบเติมเงินสด ระบบจะคืนเข้า ทรูมันนี่ วอลเล็ท ภายในวันยกเลิกคำสั่งซื้อ
2) ทรูมันนี่ วอลเล็ท จ่ายโดยผูกบัญชีธนาคาร ระบบจะคืนเข้า ทรูมันนี่ วอลเล็ท ภายในวันยกเลิกคำสั่งซื้อ
3) ทรูมันนี่ วอลเล็ท แบบPay Next, Pay Next Extra ระบบจะคืนวงเงินวงเข้า ทรูมันนี่ วอลเล็ท ภายในวันยกเลิกคำสั่งซื้อ
4) ทรูมันนี่ วอลเล็ท จ่ายโดยผูก Credit / Debit card
- หากยกเลิกภายในวัน (ก่อนเที่ยงคืนของวันที่ทำ payment) วงเงินจะคืนเข้าบัตร วันถัดไป (วันทำการ)
- หากยกเลิกข้ามวัน (หลังเที่ยงคืนของวันที่ทำ payment) วงเงินจะคืนเข้าบัตรภายใน 15 - 45 (วันทำการ)

ลูกค้าสามารถตรวจสอบยอดเงินที่ได้รับคืน ได้จาก Payment history บน Application TMW","หากยกเลิกคำสั่งซื้อที่ชำระปลายทางด้วยทรูมันนี่ วอลเล็ท  มีระยะเวลาการคืนเงินดังนี้ค่ะ  

1.ยกเลิกคำสั่งซื้อทั้งออเดอร์ 
ไม่มีการเรียกเก็บเงินและไม่มีการคืนเงิน

2.ยกเลิกสินค้าบางรายการ 
ระบบยังไม่รองรับการยกเลิกสินค้าบางรายการ

3.การคืนสินค้า
สามารถทำได้ตาม “เงื่อนไขการคืนสินค้า สำหรับการสั่งซื้อผ่านช่องทางออนไลน์”
1) ทรูมันนี่ วอลเล็ท แบบเติมเงินสด ระบบจะคืนเข้า ทรูมันนี่ วอลเล็ท ภายในวันยกเลิกคำสั่งซื้อ
2) ทรูมันนี่ วอลเล็ท จ่ายโดยผูกบัญชีธนาคาร ระบบจะคืนเข้า ทรูมันนี่ วอลเล็ท ภายในวันยกเลิกคำสั่งซื้อ
3) ทรูมันนี่ วอลเล็ท แบบPay Next, Pay Next Extra ระบบจะคืนวงเงินวงเข้า ทรูมันนี่ วอลเล็ท ภายในวันยกเลิกคำสั่งซื้อ
4) ทรูมันนี่ วอลเล็ท จ่ายโดยผูก Credit / Debit card
- หากยกเลิกภายในวัน (ก่อนเที่ยงคืนของวันที่ทำ payment) วงเงินจะคืนเข้าบัตร วันถัดไป (วันทำการ)
- หากยกเลิกข้ามวัน (หลังเที่ยงคืนของวันที่ทำ payment) วงเงินจะคืนเข้าบัตรภายใน 15 - 45 (วันทำการ)

ลูกค้าสามารถตรวจสอบยอดเงินที่ได้รับคืน ได้จาก Payment history บน Application TMW ค่ะ","1. Canceling the entire order
No cash payment will be collected, and no refund will be issued.
2. Canceling specific items
Partial order cancellation is not supported at this time.
3. Returning items
1. TrueMoney Wallet (Wallet): Refunds will be processed back to your TrueMoney Wallet on the same day the order is canceled.
2. TrueMoney Wallet (Connected Bank Account): Refunds will be processed back to your TrueMoney Wallet on the same day the order is canceled.
3. TrueMoney Wallet (Pay Next, Pay Next Extra): Credit limits will be restored to your TrueMoney Wallet on the same day the order is canceled.
4. TrueMoney Wallet (Linked Credit/Debit Card):
• If the cancellation is made on the same day (before midnight of the payment date), the amount will be refunded to the card the next business day.
• If the cancellation is made after midnight (of the payment date), the amount will be refunded to the card within 15-45 business days.
Customers can check the refunded amount via the Payment History section in the TrueMoney Wallet application.","หากยกเลิกคำสั่งซื้อที่ชำระปลายทางด้วยทรูมันนี่ วอลเล็ท  มีระยะเวลาการคืนเงินดังนี้ค่ะ  😊

1.ยกเลิกคำสั่งซื้อทั้งออเดอร์ 
ไม่มีการเรียกเก็บเงินและไม่มีการคืนเงิน

2.ยกเลิกสินค้าบางรายการ 
ระบบยังไม่รองรับการยกเลิกสินค้าบางรายการ

3.การคืนสินค้า
สามารถทำได้ตาม “เงื่อนไขการคืนสินค้า สำหรับการสั่งซื้อผ่านช่องทางออนไลน์”
1) ทรูมันนี่ วอลเล็ท แบบเติมเงินสด ระบบจะคืนเข้า ทรูมันนี่ วอลเล็ท ภายในวันยกเลิกคำสั่งซื้อ
2) ทรูมันนี่ วอลเล็ท จ่ายโดยผูกบัญชีธนาคาร ระบบจะคืนเข้า ทรูมันนี่ วอลเล็ท ภายในวันยกเลิกคำสั่งซื้อ
3) ทรูมันนี่ วอลเล็ท แบบPay Next, Pay Next Extra ระบบจะคืนวงเงินวงเข้า ทรูมันนี่ วอลเล็ท ภายในวันยกเลิกคำสั่งซื้อ
4) ทรูมันนี่ วอลเล็ท จ่ายโดยผูก Credit / Debit card
- หากยกเลิกภายในวัน (ก่อนเที่ยงคืนของวันที่ทำ payment) วงเงินจะคืนเข้าบัตร วันถัดไป (วันทำการ)
- หากยกเลิกข้ามวัน (หลังเที่ยงคืนของวันที่ทำ payment) วงเงินจะคืนเข้าบัตรภายใน 15 - 45 (วันทำการ)

ลูกค้าสามารถตรวจสอบยอดเงินที่ได้รับคืน ได้จาก Payment history บน Application TMW ค่ะ","1. Canceling the entire order
No cash payment will be collected, and no refund will be issued.
2. Canceling specific items
Partial order cancellation is not supported at this time.
3. Returning items
1. TrueMoney Wallet (Wallet): Refunds will be processed back to your TrueMoney Wallet on the same day the order is canceled.
2. TrueMoney Wallet (Connected Bank Account): Refunds will be processed back to your TrueMoney Wallet on the same day the order is canceled.
3. TrueMoney Wallet (Pay Next, Pay Next Extra): Credit limits will be restored to your TrueMoney Wallet on the same day the order is canceled.
4. TrueMoney Wallet (Linked Credit/Debit Card):
• If the cancellation is made on the same day (before midnight of the payment date), the amount will be refunded to the card the next business day.
• If the cancellation is made after midnight (of the payment date), the amount will be refunded to the card within 15-45 business days.
Customers can check the refunded amount via the Payment History section in the TrueMoney Wallet application.","If you cancel an order paid by True Money Wallet, the refund process is as follows 😊:

1.Cancel the entire order:

Refunds for different True Money Wallet payment methods:
1.1Prepaid Wallet: Refunded to the wallet on the cancellation date.
1.2Linked Bank Account: Refunded to the wallet on the cancellation date.
1.3Pay Next/Pay Next Extra: Credit limit restored in the wallet on the cancellation date.
1.4Linked Credit/Debit Card:
-Cancellation within the same day (before midnight): Refunded to the card on the next business day.
-Cancellation after midnight: Refunded to the card within 15-45 business days.

Refunds can be verified via the Payment History on the True Money Wallet app.

2.Cancel specific items:

Not currently supported.

3.Return items:

Refunds follow the ""Online Order Return Policy"":
3.1 Prepaid Wallet: Refunded on the return confirmation date.
3.2 Linked Bank Account: Refunded on the return confirmation date.
3.3 Pay Next/Pay Next Extra: Credit limit restored on the return confirmation date.
3.4 Linked Credit/Debit Card:
-Cancellation within the same day (before midnight): Refunded to the card on the next business day.
-Cancellation after midnight: Refunded to the card within 15-45 business days.

Refunds can be verified via the Payment History on the True Money Wallet app.",Refund,O2O Shop Online
48,doc_id_th_48,doc_id_en_48,ระยะเวลาการคืนเงินทรูมันนี่ วอลเล็ท - ชำระออนไลน์ สำหรับช้อปออนไลน์,Refund ( Pay online - True Money Wallet ),"1.ยกเลิกคำสั่งซื้อทั้งออเดอร์ 
1) ทรูมันนี่ วอลเล็ท แบบเติมเงินสด ระบบจะคืนเข้า ทรูมันนี่ วอลเล็ท ภายในวันยกเลิกคำสั่งซื้อ
2) ทรูมันนี่ วอลเล็ท จ่ายโดยผูกบัญชีธนาคาร ระบบจะคืนเข้า ทรูมันนี่ วอลเล็ท ภายในวันยกเลิกคำสั่งซื้อ
3) ทรูมันนี่ วอลเล็ท แบบPay Next , Pay Next Extra ระบบจะคืนวงเงินวงเข้า ทรูมันนี่ วอลเล็ท ภายในวันยกเลิกคำสั่งซื้อ
4) ทรูมันนี่ วอลเล็ท จ่ายโดยผูก Credit / Debit card
- หากยกเลิกภายในวัน (ก่อนเที่ยงคืนของวันที่ทำ payment) วงเงินจะคืนเข้าบัตร วันถัดไป (วันทำการ)
- หากยกเลิกข้ามวัน (หลังเที่ยงคืนของวันที่ทำ payment) วงเงินจะคืนเข้าบัตรภายใน 15 - 45 (วันทำการ)
ลูกค้าสามารถตรวจสอบยอดเงินที่ได้รับคืน ได้จาก Payment history บน Application TMW
2.ยกเลิกสินค้าบางรายการ ยังไม่รองรับการยกเลิกสินค้าบางรายการ
3.การคืนสินค้า 
1) ทรูมันนี่ วอลเล็ท แบบเติมเงินสด ระบบจะคืนเข้า ทรูมันนี่ วอลเล็ท ภายในวันยกเลิกคำสั่งซื้อ
2) ทรูมันนี่ วอลเล็ท จ่ายโดยผูกบัญชีธนาคาร ระบบจะคืนเข้า ทรูมันนี่ วอลเล็ท ภายในวันยกเลิกคำสั่งซื้อ
3) ทรูมันนี่ วอลเล็ท แบบPay Next, Pay Next Extra ระบบจะคืนวงเงินเข้า ทรูมันนี่ วอลเล็ท ภายในวันยกเลิกคำสั่งซื้อ
4) ทรูมันนี่ วอลเล็ท จ่ายโดยผูก Credit / Debit card
- หากยกเลิกภายในวัน (ก่อนเที่ยงคืนของวันที่ทำ payment) วงเงินจะคืนเข้าบัตร วันถัดไป (วันทำการ)
- หากยกเลิกข้ามวัน (หลังเที่ยงคืนของวันที่ทำ payment) วงเงินจะคืนเข้าบัตรภายใน 15 - 45 (วันทำการ)
ลูกค้าสามารถตรวจสอบยอดเงินที่ได้รับคืน ได้จาก Payment history บน Application TMW","หากยกเลิกคำสั่งซื้อที่ชำระออนไลน์ผ่านทรูมันนี่ วอลเล็ทมีระยะเวลาการคืนเงินดังนี้ค่ะ  

1.ยกเลิกคำสั่งซื้อทั้งออเดอร์ 
1) ทรูมันนี่ วอลเล็ท แบบเติมเงินสด ระบบจะคืนเข้า ทรูมันนี่ วอลเล็ท ภายในวันยกเลิกคำสั่งซื้อ
2) ทรูมันนี่ วอลเล็ท จ่ายโดยผูกบัญชีธนาคาร ระบบจะคืนเข้า ทรูมันนี่ วอลเล็ท ภายในวันยกเลิกคำสั่งซื้อ
3) ทรูมันนี่ วอลเล็ท แบบPay Next , Pay Next Extra ระบบจะคืนวงเงินวงเข้า ทรูมันนี่ วอลเล็ท ภายในวันยกเลิกคำสั่งซื้อ
4) ทรูมันนี่ วอลเล็ท จ่ายโดยผูก Credit / Debit card
- หากยกเลิกภายในวัน (ก่อนเที่ยงคืนของวันที่ทำ payment) วงเงินจะคืนเข้าบัตร วันถัดไป (วันทำการ)
- หากยกเลิกข้ามวัน (หลังเที่ยงคืนของวันที่ทำ payment) วงเงินจะคืนเข้าบัตรภายใน 15 - 45 (วันทำการ)
ลูกค้าสามารถตรวจสอบยอดเงินที่ได้รับคืน ได้จาก Payment history บน Application TMW

2.ยกเลิกสินค้าบางรายการ 
ยังไม่รองรับการยกเลิกสินค้าบางรายการ

3.การคืนสินค้า
สามารถทำได้ตาม “เงื่อนไขการคืนสินค้า สำหรับการสั่งซื้อผ่านช่องทางออนไลน์”
1) ทรูมันนี่ วอลเล็ท แบบเติมเงินสด ระบบจะคืนเข้า ทรูมันนี่ วอลเล็ท ภายในวันยกเลิกคำสั่งซื้อ
2) ทรูมันนี่ วอลเล็ท จ่ายโดยผูกบัญชีธนาคาร ระบบจะคืนเข้า ทรูมันนี่ วอลเล็ท ภายในวันยกเลิกคำสั่งซื้อ
3) ทรูมันนี่ วอลเล็ท แบบPay Next, Pay Next Extra ระบบจะคืนวงเงินเข้า ทรูมันนี่ วอลเล็ท ภายในวันยกเลิกคำสั่งซื้อ
4) ทรูมันนี่ วอลเล็ท จ่ายโดยผูก Credit / Debit card
- หากยกเลิกภายในวัน (ก่อนเที่ยงคืนของวันที่ทำ payment) วงเงินจะคืนเข้าบัตร วันถัดไป (วันทำการ)
- หากยกเลิกข้ามวัน (หลังเที่ยงคืนของวันที่ทำ payment) วงเงินจะคืนเข้าบัตรภายใน 15 - 45 (วันทำการ)
ลูกค้าสามารถตรวจสอบยอดเงินที่ได้รับคืน ได้จาก Payment history บน Application TMWค่ะ","1. Canceling the entire order
1. TrueMoney Wallet (Wallet): Refunds will be processed back to your TrueMoney Wallet on the same day the order is canceled.
2. TrueMoney Wallet (Connected Bank Account): Refunds will be processed back to your TrueMoney Wallet on the same day the order is canceled.
3. TrueMoney Wallet (Pay Next, Pay Next Extra): Credit limits will be restored to your TrueMoney Wallet on the same day the order is canceled.
4. TrueMoney Wallet (Linked Credit/Debit Card):
• If the cancellation is made on the same day (before midnight of the payment date), the amount will be refunded to the card the next business day.
• If the cancellation is made after midnight (of the payment date), the amount will be refunded to the card within 15-45 business days.
Customers can check the refunded amount in the Payment History section on the TrueMoney Wallet application.
2. Canceling specific items
Partial order cancellation is not supported at this time.
3. Returning items
1. TrueMoney Wallet (Wallet): Refunds will be processed back to your TrueMoney Wallet on the same day the order is canceled.
2. TrueMoney Wallet (Connected Bank Account): Refunds will be processed back to your TrueMoney Wallet on the same day the order is canceled.
3. TrueMoney Wallet (Pay Next, Pay Next Extra): Credit limits will be restored to your TrueMoney Wallet on the same day the order is canceled.
4. TrueMoney Wallet (Linked Credit/Debit Card):
• If the return is processed on the same day (before midnight of the payment date), the amount will be refunded to the card the next business day.
• If the return is processed after midnight (of the payment date), the amount will be refunded to the card within 15-45 business days.
Customers can check the refunded amount in the Payment History section on the TrueMoney Wallet application.","หากยกเลิกคำสั่งซื้อที่ชำระออนไลน์ผ่านทรูมันนี่ วอลเล็ทมีระยะเวลาการคืนเงินดังนี้ค่ะ  😊

1.ยกเลิกคำสั่งซื้อทั้งออเดอร์ 
1) ทรูมันนี่ วอลเล็ท แบบเติมเงินสด ระบบจะคืนเข้า ทรูมันนี่ วอลเล็ท ภายในวันยกเลิกคำสั่งซื้อ
2) ทรูมันนี่ วอลเล็ท จ่ายโดยผูกบัญชีธนาคาร ระบบจะคืนเข้า ทรูมันนี่ วอลเล็ท ภายในวันยกเลิกคำสั่งซื้อ
3) ทรูมันนี่ วอลเล็ท แบบPay Next , Pay Next Extra ระบบจะคืนวงเงินวงเข้า ทรูมันนี่ วอลเล็ท ภายในวันยกเลิกคำสั่งซื้อ
4) ทรูมันนี่ วอลเล็ท จ่ายโดยผูก Credit / Debit card
- หากยกเลิกภายในวัน (ก่อนเที่ยงคืนของวันที่ทำ payment) วงเงินจะคืนเข้าบัตร วันถัดไป (วันทำการ)
- หากยกเลิกข้ามวัน (หลังเที่ยงคืนของวันที่ทำ payment) วงเงินจะคืนเข้าบัตรภายใน 15 - 45 (วันทำการ)
ลูกค้าสามารถตรวจสอบยอดเงินที่ได้รับคืน ได้จาก Payment history บน Application TMW

2.ยกเลิกสินค้าบางรายการ 
ยังไม่รองรับการยกเลิกสินค้าบางรายการ

3.การคืนสินค้า
สามารถทำได้ตาม “เงื่อนไขการคืนสินค้า สำหรับการสั่งซื้อผ่านช่องทางออนไลน์”
1) ทรูมันนี่ วอลเล็ท แบบเติมเงินสด ระบบจะคืนเข้า ทรูมันนี่ วอลเล็ท ภายในวันยกเลิกคำสั่งซื้อ
2) ทรูมันนี่ วอลเล็ท จ่ายโดยผูกบัญชีธนาคาร ระบบจะคืนเข้า ทรูมันนี่ วอลเล็ท ภายในวันยกเลิกคำสั่งซื้อ
3) ทรูมันนี่ วอลเล็ท แบบPay Next, Pay Next Extra ระบบจะคืนวงเงินเข้า ทรูมันนี่ วอลเล็ท ภายในวันยกเลิกคำสั่งซื้อ
4) ทรูมันนี่ วอลเล็ท จ่ายโดยผูก Credit / Debit card
- หากยกเลิกภายในวัน (ก่อนเที่ยงคืนของวันที่ทำ payment) วงเงินจะคืนเข้าบัตร วันถัดไป (วันทำการ)
- หากยกเลิกข้ามวัน (หลังเที่ยงคืนของวันที่ทำ payment) วงเงินจะคืนเข้าบัตรภายใน 15 - 45 (วันทำการ)
ลูกค้าสามารถตรวจสอบยอดเงินที่ได้รับคืน ได้จาก Payment history บน Application TMWค่ะ","1. Canceling the entire order
1. TrueMoney Wallet (Wallet): Refunds will be processed back to your TrueMoney Wallet on the same day the order is canceled.
2. TrueMoney Wallet (Connected Bank Account): Refunds will be processed back to your TrueMoney Wallet on the same day the order is canceled.
3. TrueMoney Wallet (Pay Next, Pay Next Extra): Credit limits will be restored to your TrueMoney Wallet on the same day the order is canceled.
4. TrueMoney Wallet (Linked Credit/Debit Card):
• If the cancellation is made on the same day (before midnight of the payment date), the amount will be refunded to the card the next business day.
• If the cancellation is made after midnight (of the payment date), the amount will be refunded to the card within 15-45 business days.
Customers can check the refunded amount in the Payment History section on the TrueMoney Wallet application.
2. Canceling specific items
Partial order cancellation is not supported at this time.
3. Returning items
1. TrueMoney Wallet (Wallet): Refunds will be processed back to your TrueMoney Wallet on the same day the order is canceled.
2. TrueMoney Wallet (Connected Bank Account): Refunds will be processed back to your TrueMoney Wallet on the same day the order is canceled.
3. TrueMoney Wallet (Pay Next, Pay Next Extra): Credit limits will be restored to your TrueMoney Wallet on the same day the order is canceled.
4. TrueMoney Wallet (Linked Credit/Debit Card):
• If the return is processed on the same day (before midnight of the payment date), the amount will be refunded to the card the next business day.
• If the return is processed after midnight (of the payment date), the amount will be refunded to the card within 15-45 business days.
Customers can check the refunded amount in the Payment History section on the TrueMoney Wallet application.","If you cancel an order paid online via True Money Wallet, the refund process is as follows 😊:

1.Cancel the entire order:

1.1Prepaid Wallet: Refunded to the wallet on the cancellation date.
1.2Linked Bank Account: Refunded to the wallet on the cancellation date.
1.3Pay Next/Pay Next Extra: Credit limit restored in the wallet on the cancellation date.
1.4Linked Credit/Debit Card:
-Cancellation on the same day (before midnight): Refunded to the card on the next business day.
-Cancellation after midnight: Refunded to the card within 15-45 business days.

Refunds can be verified via the Payment History on the True Money Wallet app.

2.Cancel specific items:

Partial cancellations are not supported.

3.Return items:

Refunds for returns follow the ""Online Order Return Policy"":
3.1Prepaid Wallet: Refunded on the return confirmation date.
3.2Linked Bank Account: Refunded on the return confirmation date.
3.3Pay Next/Pay Next Extra: Credit limit restored on the return confirmation date.
3.4Linked Credit/Debit Card:
-Cancellation on the same day (before midnight): Refunded to the card on the next business day.
-Cancellation after midnight: Refunded to the card within 15-45 business days.

Refunds can be verified via the Payment History on the True Money Wallet app.",Refund,O2O Shop Online
49,doc_id_th_49,doc_id_en_49, สอบถามการสมัครสมาชิกมายโลตัส," 1. ออนไลน์: ผ่าน Lotus's SMART App หรือเว็บไซต์ mylotussregister.lotuss.com
2. ที่สาขา: สมัครผ่านแคชเชียร์ด้วยบัตรประชาชนและเบอร์โทรศัพท์ค่ะ หากมีคำถามเพิ่มเติม สามารถสอบถามน้องบัวได้เลยนะคะ ขอบคุณที่ใช้บริการค่ะ",,,," 1. ออนไลน์: ผ่าน Lotus's SMART App หรือเว็บไซต์ mylotussregister.lotuss.com
2. ที่สาขา: สมัครผ่านแคชเชียร์ด้วยบัตรประชาชนและเบอร์โทรศัพท์ค่ะ หากมีคำถามเพิ่มเติม สามารถสอบถามน้องบัวได้เลยนะคะ ขอบคุณที่ใช้บริการค่ะ",,You can register as a My Lotus's member via Lotus's SMART App or the website. 📚,Membership Registration,My Lotus's
50,doc_id_th_50,doc_id_en_50, ต้องการแก้ไขเบอร์สมาชิกทำยังไง," คุณลูกค้าสามารถแก้ไขเบอร์มือถือสมาชิกมายโลตัสได้ง่าย ๆ ดังนี้:

1. ผ่านโลตัส สมาร์ท แอป: เข้าไปที่เมนู ""โปรไฟล์"" แล้วเลือก ""แก้ไขโปรไฟล์ของฉัน"" ปรับแก้ข้อมูลส่วนตัวตามต้องการได้
2. ผ่านเว็บไซต์โลตัส: เข้าสู่เว็บไซต์ https://www.lotuss.com ลงชื่อเข้าใช้บัญชี แล้วเลือกเมนูสำหรับแก้ไขข้อมูลส่วนตัว
3. ผ่าน Line Official: คุณลูกค้าสามารถใช้ Line OA ของ Lotus’s, Lotus’s Go Fresh หรือ Line สาขา กดเลือกเมนูที่เกี่ยวข้องเพื่อแก้ไขข้อมูลส่วนตัว

หากมีคำถามเพิ่มเติม สามารถสอบถามน้องบัวได้เลยนะคะ ขอบคุณที่ใช้บริการค่ะ",,,," คุณลูกค้าสามารถแก้ไขเบอร์มือถือสมาชิกมายโลตัสได้ง่าย ๆ ดังนี้:

1. ผ่านโลตัส สมาร์ท แอป: เข้าไปที่เมนู ""โปรไฟล์"" แล้วเลือก ""แก้ไขโปรไฟล์ของฉัน"" ปรับแก้ข้อมูลส่วนตัวตามต้องการได้
2. ผ่านเว็บไซต์โลตัส: เข้าสู่เว็บไซต์ https://www.lotuss.com ลงชื่อเข้าใช้บัญชี แล้วเลือกเมนูสำหรับแก้ไขข้อมูลส่วนตัว
3. ผ่าน Line Official: คุณลูกค้าสามารถใช้ Line OA ของ Lotus’s, Lotus’s Go Fresh หรือ Line สาขา กดเลือกเมนูที่เกี่ยวข้องเพื่อแก้ไขข้อมูลส่วนตัว

หากมีคำถามเพิ่มเติม สามารถสอบถามน้องบัวได้เลยนะคะ ขอบคุณที่ใช้บริการค่ะ",,You can update your mobile number for My Lotus's membership by contacting Customer Service. 😊,Membership Update,My Lotus's
51,doc_id_th_51,doc_id_en_51, กดเข้าแอปมายโลตัสแต่ไม่ได้รับรหัส OTP,"ขออภัยค่ะ กรณีที่ลูกค้าพบปัญหาไม่ได้รับรหัส OTP เพื่อเข้าใช้งานแอปมายโลตัส กรุณาสอบถามเพิ่มเติมที่ 1430 กด 1 ทุกวันตั้งแต่เวลา 9:00 น. ถึง 23:00 น.ค่ะ
หากมีคำถามเพิ่มเติม สามารถสอบถามน้องบัวได้เลยนะคะ ขอบคุณที่ใช้บริการค่ะ",,,,"ขออภัยค่ะ กรณีที่ลูกค้าพบปัญหาไม่ได้รับรหัส OTP เพื่อเข้าใช้งานแอปมายโลตัส กรุณาสอบถามเพิ่มเติมที่ 1430 กด 1 ทุกวันตั้งแต่เวลา 9:00 น. ถึง 23:00 น.ค่ะ
หากมีคำถามเพิ่มเติม สามารถสอบถามน้องบัวได้เลยนะคะ ขอบคุณที่ใช้บริการค่ะ",,"Sorry for the inconvenience! If you’re not receiving an OTP, please contact Customer Service for assistance. 🙏",OTP Issue,My Lotus's
52,doc_id_th_52,doc_id_en_52, คอยน์ใช้ยังไง?," โลตัสคอยน์เป็นคะแนนสะสมพิเศษที่คุณลูกค้าจะได้รับเมื่อซื้อสินค้าที่ร่วมรายการกับโลตัส ซึ่งสามารถสะสมและใช้แลกเป็นสิทธิพิเศษได้ โดยคุณลูกค้าสามารถใช้โลตัสคอยน์แทนเงินสดเพื่อรับส่วนลดในการซื้อสินค้าที่ร่วมรายการที่โลตัสทุกสาขา หรือ โลตัสช้อปออนไลน์ นอกจากนี้ คุณลูกค้ายังสามารถใช้โลตัสคอยน์แลกสิทธิพิเศษ เช่น พริวิเลจดีล คูปองส่วนลด คูปองเงินสด และข้อเสนอจากพาร์ทเนอร์ต่าง ๆ ผ่าน โลตัส สมาร์ท แอป

การตรวจสอบยอดโลตัสคอยน์:

คุณลูกค้าสามารถเช็คยอดสะสมได้ตลอดเวลาผ่านช่องทางดังนี้ค่ะ
1. Lotus Smart App: เข้าเมนู ""มายโลตัส""
2. ใบเสร็จรับเงิน: ดูได้ที่ท้ายใบเสร็จ
3. Line Official: กดเมนู ""สมาชิกมายโลตัส""
4. ศูนย์บริการลูกค้า: โทร 1430 กด 1 ได้ทุกวันตั้งแต่เวลา 9:00 – 23:00 น. ค่ะ

หมายเหตุ:
โลตัสคอยน์ 1 เหรียญ มีมูลค่าเท่ากับ 1 บาท ใช้เป็นส่วนลดแทนเงินสดได้เลยค่ะ

หากมีคำถามเพิ่มเติม สามารถสอบถามน้องบัวได้เลยนะคะ ขอบคุณที่ใช้บริการค่ะ",,,," โลตัสคอยน์เป็นคะแนนสะสมพิเศษที่คุณลูกค้าจะได้รับเมื่อซื้อสินค้าที่ร่วมรายการกับโลตัส ซึ่งสามารถสะสมและใช้แลกเป็นสิทธิพิเศษได้ โดยคุณลูกค้าสามารถใช้โลตัสคอยน์แทนเงินสดเพื่อรับส่วนลดในการซื้อสินค้าที่ร่วมรายการที่โลตัสทุกสาขา หรือ โลตัสช้อปออนไลน์ นอกจากนี้ คุณลูกค้ายังสามารถใช้โลตัสคอยน์แลกสิทธิพิเศษ เช่น พริวิเลจดีล คูปองส่วนลด คูปองเงินสด และข้อเสนอจากพาร์ทเนอร์ต่าง ๆ ผ่าน โลตัส สมาร์ท แอป

การตรวจสอบยอดโลตัสคอยน์:

คุณลูกค้าสามารถเช็คยอดสะสมได้ตลอดเวลาผ่านช่องทางดังนี้ค่ะ
1. Lotus Smart App: เข้าเมนู ""มายโลตัส""
2. ใบเสร็จรับเงิน: ดูได้ที่ท้ายใบเสร็จ
3. Line Official: กดเมนู ""สมาชิกมายโลตัส""
4. ศูนย์บริการลูกค้า: โทร 1430 กด 1 ได้ทุกวันตั้งแต่เวลา 9:00 – 23:00 น. ค่ะ

หมายเหตุ:
โลตัสคอยน์ 1 เหรียญ มีมูลค่าเท่ากับ 1 บาท ใช้เป็นส่วนลดแทนเงินสดได้เลยค่ะ

หากมีคำถามเพิ่มเติม สามารถสอบถามน้องบัวได้เลยนะคะ ขอบคุณที่ใช้บริการค่ะ",,Lotus Coins are special reward points you can use for additional benefits and discounts. 💰,Reward System,My Lotus's
53,doc_id_th_53,doc_id_en_53, ประกาศรายชื่อผู้โชคดีตอบแบบสอบถาม Survey ช่องทางไหน,การทำแบบสอบถามผ่าน Survey เพื่อลุ้นรับ 50 คอยน์จะมีการประกาศรายชื่อผู้โชคดีผ่านช่องทางเว็บไซต์โลตัส https://corporate.lotuss.com/ ภายในวันที่ 25 ของทุกเดือน ท่านสามารถเช็ครายชื่อผ่านหน้าเว็บไซต์ได้ค่ะ,,,,การทำแบบสอบถามผ่าน Survey เพื่อลุ้นรับ 50 คอยน์จะมีการประกาศรายชื่อผู้โชคดีผ่านช่องทางเว็บไซต์โลตัส https://corporate.lotuss.com/ ภายในวันที่ 25 ของทุกเดือน ท่านสามารถเช็ครายชื่อผ่านหน้าเว็บไซต์ได้ค่ะ,,Survey participants have the chance to win 50 Coins! Please check the winner list on our website. 🎉,Survey Participation,My Lotus's
54,doc_id_th_54,doc_id_en_54,ลืมรหัสเข้าใช้งาน App ต้องทำอย่างไร?,"กรณีที่ท่านลืมรหัสผ่าน สามารถดำเนินการตั้งรหัสผ่านใหม่ผ่านแอปได้ตามขั้นตอนดังนี้ค่ะ
1. กดเมนูลืมรหัสผ่าน/ Forgot your password
2. กรอกเบอร์สมาชิกมายโลตัส > รอรับ OTP
3. ยืนยันเลขบัตรประชาชน 13 หลักเพื่อยืนยันตัวตน
4.ตั้งรหัสผ่าน และเข้าใช้งานแอปด้วยรหัสผ่านที่ตั้งใหม่ได้เลยค่ะ",,,,"กรณีที่ท่านลืมรหัสผ่าน สามารถดำเนินการตั้งรหัสผ่านใหม่ผ่านแอปได้ตามขั้นตอนดังนี้ค่ะ
1. กดเมนูลืมรหัสผ่าน/ Forgot your password
2. กรอกเบอร์สมาชิกมายโลตัส > รอรับ OTP
3. ยืนยันเลขบัตรประชาชน 13 หลักเพื่อยืนยันตัวตน
4.ตั้งรหัสผ่าน และเข้าใช้งานแอปด้วยรหัสผ่านที่ตั้งใหม่ได้เลยค่ะ",,"If you forgot your password, you can reset it through the app by following these steps:
1. Select the ""Forgot your password"" menu
2. Enter your My Lotus's membership number and wait for the OTP
3. Verify your 13-digit ID number
4. Set a new password and log in using the new password 😊","Account Recovery	",My Lotus's
55,doc_id_th_55,doc_id_en_55,ต้องการสมัครสมาชิกมายโลตัส,"คุณลูกค้าสามารถสมัครสมาชิกได้ 2 ช่องทางค่ะ:
1. ออนไลน์: ผ่าน Lotus's SMART App หรือเว็บไซต์ mylotussregister.lotuss.com 
2. ที่สาขา: สมัครผ่านแคชเชียร์ด้วยบัตรประชาชนและเบอร์โทรศัพท์ค่ะ 
หากมีคำถามเพิ่มเติม สามารถสอบถามน้องบัวได้เลยนะคะ ขอบคุณที่ใช้บริการค่ะ",,,,"คุณลูกค้าสามารถสมัครสมาชิกได้ 2 ช่องทางค่ะ:
1. ออนไลน์: ผ่าน Lotus's SMART App หรือเว็บไซต์ mylotussregister.lotuss.com 
2. ที่สาขา: สมัครผ่านแคชเชียร์ด้วยบัตรประชาชนและเบอร์โทรศัพท์ค่ะ 
หากมีคำถามเพิ่มเติม สามารถสอบถามน้องบัวได้เลยนะคะ ขอบคุณที่ใช้บริการค่ะ",,"You can register for My Lotus's membership in two ways:
1. Online: Through the Lotus's SMART App or website at mylotussregister.lotuss.com
2. At the store: Register with the cashier using your ID card and phone number
If you have any questions, feel free to ask our team. Thank you for choosing Lotus's! 😊",Membership Registration,My Lotus's
56,doc_id_th_56,doc_id_en_56, ซื้อแอลกอฮอลล์ได้รับคอยน์ไหม, ไม่ได้รับคอยน์ค่ะ สำหรับการซื้อแอลกอฮอลล์ ไม่สามารถรับโลตัสคอยน์ได้ หากมีคำถามเพิ่มเติม สามารถสอบถามน้องบัวได้เลยนะคะ ขอบคุณที่ใช้บริการค่ะ,,,, ไม่ได้รับคอยน์ค่ะ สำหรับการซื้อแอลกอฮอลล์ ไม่สามารถรับโลตัสคอยน์ได้ หากมีคำถามเพิ่มเติม สามารถสอบถามน้องบัวได้เลยนะคะ ขอบคุณที่ใช้บริการค่ะ,,"Lotus Coins cannot be earned for alcohol purchases. If you have additional questions, feel free to ask our team. Thank you for choosing Lotus's! 🍷",Reward System,My Lotus's
57,doc_id_th_57,doc_id_en_57, คอยน์หมดอายุวันไหน, โลตัสคอยน์ของคุณลูกค้ามีอายุการใช้งานปีต่อปีค่ะ โดยคอยน์ที่สะสมในปีนี้จะหมดอายุในวันที่ 31 มกราคม เวลา 23.59 น. ของปีถัดไป ตัวอย่างเช่น คอยน์ที่สะสมระหว่างวันที่ 1 ม.ค. 2024 – 31 ธ.ค. 2024 จะหมดอายุในวันที่ 31 ม.ค. 2025 เวลา 23.59 น. หากมีคำถามเพิ่มเติม สามารถสอบถามน้องบัวได้เลยนะคะ ขอบคุณที่ใช้บริการค่ะ,,,, โลตัสคอยน์ของคุณลูกค้ามีอายุการใช้งานปีต่อปีค่ะ โดยคอยน์ที่สะสมในปีนี้จะหมดอายุในวันที่ 31 มกราคม เวลา 23.59 น. ของปีถัดไป ตัวอย่างเช่น คอยน์ที่สะสมระหว่างวันที่ 1 ม.ค. 2024 – 31 ธ.ค. 2024 จะหมดอายุในวันที่ 31 ม.ค. 2025 เวลา 23.59 น. หากมีคำถามเพิ่มเติม สามารถสอบถามน้องบัวได้เลยนะคะ ขอบคุณที่ใช้บริการค่ะ,,"Lotus Coins are valid for one year. Coins earned in the current year will expire on January 31 of the following year at 11:59 PM. For example, Coins earned between January 1, 2024, and December 31, 2024, will expire on January 31, 2025, at 11:59 PM. If you have additional questions, feel free to ask our team. Thank you for choosing Lotus's! 💰","Reward System	",My Lotus's
58,doc_id_th_58,doc_id_en_58, ขอเบอร์โทรสาขาแจ้งวัฒนะหน่อยค่ะ," เบอร์โทรสาขาโลตัส สาขาใหญ่ แจ้งวัฒนะ คือ 02-990-7555 ค่ะ หากมีคำถามเพิ่มเติม สามารถสอบถามน้องบัวได้เลยนะคะ ขอบคุณที่ใช้บริการค่ะ
",,,," เบอร์โทรสาขาโลตัส สาขาใหญ่ แจ้งวัฒนะ คือ 02-990-7555 ค่ะ หากมีคำถามเพิ่มเติม สามารถสอบถามน้องบัวได้เลยนะคะ ขอบคุณที่ใช้บริการค่ะ
",,"The phone number for the main Lotus's branch at Chaeng Watthana is 02-990-7555. If you have additional questions, feel free to ask our team. Thank you for choosing Lotus's! 📞	","Branch Information	",My Lotus's
59,doc_id_th_59,doc_id_en_59," หลังเปลี่ยนเบอร์ต้องรอนานแค่ไหนถึงใช้แจ้งสะสมคอยน์ได้
","หลังจากแก้ไขเบอร์สมาชิกด้วยตนเองผ่านแอปมายโลตัสแล้ว ท่านสามารถแจ้งเบอร์สมาชิกสะสมคอยน์ที่โลตัสทุกสาขาได้ทันทีค่ะ
",,,,"หลังจากแก้ไขเบอร์สมาชิกด้วยตนเองผ่านแอปมายโลตัสแล้ว ท่านสามารถแจ้งเบอร์สมาชิกสะสมคอยน์ที่โลตัสทุกสาขาได้ทันทีค่ะ
",,,,My Lotus's
60,doc_id_th_60,doc_id_en_60, สอบถามคอยน์คงเหลือได้ช่องทางใดบ้าง?, ,,,,"คุณลูกค้าสามารถตรวจสอบยอดสะสมโลตัสคอยน์ได้หลากหลายช่องทาง ดังนี้:

ผ่านโลตัส สมาร์ท แอป :
เพียงเข้าไปที่เมนู ""มายโลตัส"" คุณลูกค้าสามารถตรวจสอบโลตัสคอยน์ที่สะสมไว้ได้ตลอดเวลา

ท้ายใบเสร็จ:
ตรวจสอบได้จากยอดสะสมโลตัสคอยน์ที่แสดงอยู่ท้ายใบเสร็จ หลังจากมีการใช้จ่ายที่ร่วมกับสมาชิกมายโลตัส

Line Official :
เช็คผ่าน Lotus’s Line Official หรือ โลตัส โกเฟรช Line Official ได้ง่าย ๆ
กดที่ปุ่ม ""สมาชิกมายโลตัส"" เพื่อดูยอดสะสมของคุณ

ศูนย์บริการลูกค้าโลตัส:
โทร 1430 กด 1 ได้ทุกวันตั้งแต่เวลา 9:00 – 23:00 น. ค่ะเพื่อสอบถามยอดสะสมโลตัสคอยน์ ทีมงานพร้อมให้ข้อมูลทุกวันค่ะ
หากมีคำถามเพิ่มเติม สามารถสอบถามน้องบัวได้เลยนะคะ ขอบคุณที่ใช้บริการค่ะ",,,,My Lotus's
61,doc_id_th_61,doc_id_en_61, 1 คอยน์คิดเป็นเงินเท่ากับกี่บาท?, ,,,," 1 โลตัสคอยน์ มีมูลค่าเท่ากับ 1 บาท ใช้เป็นส่วนลดแทนเงินสดได้เลยค่ะ
หากมีคำถามเพิ่มเติม สามารถสอบถามน้องบัวได้เลยนะคะ ขอบคุณที่ใช้บริการค่ะ.",,,,My Lotus's
62,doc_id_th_62,doc_id_en_62, ซื้อสินค้ากี่บาทได้ 1 คอยน์," ทุก ๆ การซื้อสินค้าที่ร่วมรายการครบ 50 บาท ท่านจะได้รับ 0.5% เป็นโลตัสคอยน์ หรือประมาณทุก ๆ 200 บาท จะได้รับ 1 โลตัสคอยน์
หากมีคำถามเพิ่มเติม สามารถสอบถามน้องบัวได้เลยนะคะ ขอบคุณที่ใช้บริการค่ะ",,,," ทุก ๆ การซื้อสินค้าที่ร่วมรายการครบ 50 บาท ท่านจะได้รับ 0.5% เป็นโลตัสคอยน์ หรือประมาณทุก ๆ 200 บาท จะได้รับ 1 โลตัสคอยน์
หากมีคำถามเพิ่มเติม สามารถสอบถามน้องบัวได้เลยนะคะ ขอบคุณที่ใช้บริการค่ะ",,,,My Lotus's
63,doc_id_th_63,doc_id_en_63,คอยน์โลตัสสามารถโอนให้บัญชีอื่นได้หรือไม่, ,,,," "" โลตัสคอยน์ ไม่สามารถโอนย้ายไปยังบัญชี My Lotus’s ของบุคคลอื่นได้ค่ะ 
หากมีคำถามเพิ่มเติม สามารถสอบถามน้องบัวได้เลยนะคะ ขอบคุณที่ใช้บริการค่ะ""",,,,My Lotus's
64,doc_id_th_64,doc_id_en_64,ใช้บัตรของขวัญซื้อสินค้าจะได้รับคอยน์ไหมคะ,"บัตรของขวัญที่นำมาซื้อสินค้าที่โลตัสจะได้รับคอยน์ปกติ ยกเว้นสินค้าบางประเภทที่จะไม่ร่วมการสะสมคอยน์ เช่น สุรา บุหรี่และยาสูบ ศูนย์อาหาร บิลเพย์เมนท์ ค่าธรรมเนียม บัตรเติมเงินทุกประเภท บัตรของขวัญ โลตัส ช้อปออนไลน์ และร้านค้าในบริเวณพื้นที่เช่าของโลตัส
หากมีคำถามเพิ่มเติม สามารถสอบถามน้องบัวได้เลยนะคะ ขอบคุณที่ใช้บริการค่ะ",,,,"บัตรของขวัญที่นำมาซื้อสินค้าที่โลตัสจะได้รับคอยน์ปกติ ยกเว้นสินค้าบางประเภทที่จะไม่ร่วมการสะสมคอยน์ เช่น สุรา บุหรี่และยาสูบ ศูนย์อาหาร บิลเพย์เมนท์ ค่าธรรมเนียม บัตรเติมเงินทุกประเภท บัตรของขวัญ โลตัส ช้อปออนไลน์ และร้านค้าในบริเวณพื้นที่เช่าของโลตัส
หากมีคำถามเพิ่มเติม สามารถสอบถามน้องบัวได้เลยนะคะ ขอบคุณที่ใช้บริการค่ะ",,,,My Lotus's
65,doc_id_th_65,doc_id_en_65,กลุ่มสินค้าที่ไม่ได้แจกคอยน์มีรายการใดบ้างคะ,กลุ่มสินค้าที่ไม่ได้แจกคอยน์ ได้แก่ สุรา บุหรี่และยาสูบ ศูนย์อาหาร บิลเพย์เมนท์ ค่าธรรมเนียม บัตรเติมเงินทุกประเภท บัตรของขวัญ และร้านค้าในบริเวณพื้นที่เช่าของโลตัส ค่ะ หากมีคำถามเพิ่มเติม สามารถสอบถามน้องบัวได้เลยนะคะ ขอบคุณที่ใช้บริการค่ะ,,,,กลุ่มสินค้าที่ไม่ได้แจกคอยน์ ได้แก่ สุรา บุหรี่และยาสูบ ศูนย์อาหาร บิลเพย์เมนท์ ค่าธรรมเนียม บัตรเติมเงินทุกประเภท บัตรของขวัญ และร้านค้าในบริเวณพื้นที่เช่าของโลตัส ค่ะ หากมีคำถามเพิ่มเติม สามารถสอบถามน้องบัวได้เลยนะคะ ขอบคุณที่ใช้บริการค่ะ,,,,My Lotus's
66,doc_id_th_66,doc_id_en_66,บัตรของขวัญสามารถซื้อสินค้ากระเช้าได้ไหมคะ, ,,,," ""บัตรของขวัญไม่สามารถใช้ซื้อสินค้าบางประเภท เช่น สุรา บุหรี่และยาสูบ ศูนย์อาหาร บิลเพย์เมนท์ ค่าธรรมเนียม บัตรเติมเงินทุกประเภท บัตรของขวัญ โลตัส ช้อปออนไลน์ และร้านค้าในบริเวณพื้นที่เช่าของโลตัส ค่ะ 

แต่ไม่ได้ระบุว่าสินค้ากระเช้าไม่สามารถซื้อด้วยบัตรของขวัญ คุณลูกค้าสามารถใช้บัตรของขวัญซื้อสินค้ากระเช้าได้ หากสินค้ากระเช้าไม่อยู่ในกลุ่มสินค้าที่ไม่สามารถซื้อด้วยบัตรของขวัญค่ะ หากมีคำถามเพิ่มเติม สามารถสอบถามน้องบัวได้เลยนะคะ ขอบคุณที่ใช้บริการค่ะ""",,,,My Lotus's
67,doc_id_th_67,doc_id_en_67, อยากทราบว่าซื้อสินค้าได้รับคอยน์ 5 เท่าต้องซื้อวันไหนบ้างค่ะ,ขออภัยค่ะ สำหรับการซื้อสินค้าได้รับคอยน์ 5 เท่าเป็นโปรโมชั่นที่จัดเป็นช่วงเวลาเท่านั้น ท่านสามารถติดต่อที่ 1430 เพื่อสอบถามโปรโมชั่นปัจจุบัน หากมีคำถามเพิ่มเติม สามารถสอบถามน้องบัวได้เลยนะคะ ขอบคุณที่ใช้บริการค่ะ,,,,ขออภัยค่ะ สำหรับการซื้อสินค้าได้รับคอยน์ 5 เท่าเป็นโปรโมชั่นที่จัดเป็นช่วงเวลาเท่านั้น ท่านสามารถติดต่อที่ 1430 เพื่อสอบถามโปรโมชั่นปัจจุบัน หากมีคำถามเพิ่มเติม สามารถสอบถามน้องบัวได้เลยนะคะ ขอบคุณที่ใช้บริการค่ะ,,,,My Lotus's
68,doc_id_th_68,doc_id_en_68, เงื่อนไขการซื้อสินค้าจะได้รับคอยน์คำนวนแบบใดค่ะ, ,,,,"  คุณลูกค้าสามารถสะสมคอยน์ได้จากการซื้อสินค้าที่ร่วมรายการ 50 บาทขึ้นไป รับ 0.5% โลตัสคอยน์ กับทุกๆบาทที่ช้อปค่ะ ตัวอย่างเช่น หากคุณลูกค้าซื้อสินค้ามูลค่า 1,000 บาท จะได้รับ 5 โลตัสคอยน์ หากมีคำถามเพิ่มเติม สามารถสอบถามน้องบัวได้เลยนะคะ ขอบคุณที่ใช้บริการค่ะ",,,,My Lotus's
69,doc_id_th_69,doc_id_en_69, การสมัครสมาชิกสำหรับลูกค้าต่างชาติสมัครช่องทางใดค่ะ," การสมัครสมาชิกลูกค้าต่างชาติสามารถดำเนินการได้ 3 ช่องทางดังนี้ค่ะ
1. สมัครที่จุดบริการลูกค้าของสาขาโดยสแกน QR code เพื่อเข้าขั้นตอนสมัครสมาชิกต่างชาติ ซึ่งสาขาจะต้องอนุมัติการสมัครสมาชิก
2. สมัครผ่าน Lotus's Application
3. สมัครผ่านทาง Website https://corporate.lotuss.com/my-lotuss/register/ 
หากมีคำถามเพิ่มเติม สามารถสอบถามน้องบัวได้เลยนะคะ ขอบคุณที่ใช้บริการค่ะ",,,," การสมัครสมาชิกลูกค้าต่างชาติสามารถดำเนินการได้ 3 ช่องทางดังนี้ค่ะ
1. สมัครที่จุดบริการลูกค้าของสาขาโดยสแกน QR code เพื่อเข้าขั้นตอนสมัครสมาชิกต่างชาติ ซึ่งสาขาจะต้องอนุมัติการสมัครสมาชิก
2. สมัครผ่าน Lotus's Application
3. สมัครผ่านทาง Website https://corporate.lotuss.com/my-lotuss/register/ 
หากมีคำถามเพิ่มเติม สามารถสอบถามน้องบัวได้เลยนะคะ ขอบคุณที่ใช้บริการค่ะ",,,,My Lotus's
70,doc_id_th_70,doc_id_en_70, เป็นสมาชิกโลตัสจะได้รับสิทธิประโยชน์อะไรบ้างค่ะ,มายโลตัสคือระบบสมาชิกของโลตัสที่ให้สิทธิพิเศษเพิ่มเติมโดย ท่านสามารถสะสมโลตัสคอยน์และแลกเป็นส่วนลด หรือใช้สำหรับดีลพิเศษกับพาร์ทเนอร์ที่ร่วมรายการได้ทางแอปมายโลตัส https://apps.apple.com/th/app/lotuss/id1540944956 หากมีคำถามเพิ่มเติม สามารถสอบถามน้องบัวได้เลยนะคะ ขอบคุณที่ใช้บริการค่ะ,,,,มายโลตัสคือระบบสมาชิกของโลตัสที่ให้สิทธิพิเศษเพิ่มเติมโดย ท่านสามารถสะสมโลตัสคอยน์และแลกเป็นส่วนลด หรือใช้สำหรับดีลพิเศษกับพาร์ทเนอร์ที่ร่วมรายการได้ทางแอปมายโลตัส https://apps.apple.com/th/app/lotuss/id1540944956 หากมีคำถามเพิ่มเติม สามารถสอบถามน้องบัวได้เลยนะคะ ขอบคุณที่ใช้บริการค่ะ,,,,My Lotus's
71,doc_id_th_71,doc_id_en_71, ราคาสินค้าไม่ตรงตามป้ายทำยังไง?,"ต้องขออภัยในความไม่สะดวกที่ได้รับ กรณีพบปัญหาราคาสินค้าไม่ตรงตามป้าย ราคาที่แสดงบนป้ายมีข้อผิดพลาดใด ๆ ท่านสามารถติดต่อส่วนงานบริการลูกค้าได้ตามช่องทางดังนี้ค่ะ
- ติดต่อพนักงานสาขาที่ใช้บริการ
- Inbox FB Lotus's Official 💬
- อีเมล: customer-service@lotuss.com 📧
- เว็บไซต์: https://corporate.lotuss.com/contact-us/ 🌐
- โทรศัพท์: 1430 กด 4: ลูกค้าสัมพันธ์
หากมีคำถามเพิ่มเติม สามารถสอบถามน้องบัวได้เลยนะคะ ขอบคุณที่ใช้บริการค่ะ",,,,"ต้องขออภัยในความไม่สะดวกที่ได้รับ กรณีพบปัญหาราคาสินค้าไม่ตรงตามป้าย ราคาที่แสดงบนป้ายมีข้อผิดพลาดใด ๆ ท่านสามารถติดต่อส่วนงานบริการลูกค้าได้ตามช่องทางดังนี้ค่ะ
- ติดต่อพนักงานสาขาที่ใช้บริการ
- Inbox FB Lotus's Official 💬
- อีเมล: customer-service@lotuss.com 📧
- เว็บไซต์: https://corporate.lotuss.com/contact-us/ 🌐
- โทรศัพท์: 1430 กด 4: ลูกค้าสัมพันธ์
หากมีคำถามเพิ่มเติม สามารถสอบถามน้องบัวได้เลยนะคะ ขอบคุณที่ใช้บริการค่ะ",,,,My Lotus's
72,doc_id_th_72,doc_id_en_72, แจ้งเบอร์สะสมสมาชิกได้แต่ไม่สามารถใช้คอยน์ที่หน้าสาขาได้ ทำยังไง?,"หากพบปัญหาไม่สามารถใช้โลตัสคอยน์ที่หน้าสาขาได้ สามารถติดต่อพนักงานสาขาหรือติดต่อที่ 1430 กด 1 ได้เลยค่ะ พนักงานจะตรวจสอบและแก้ไขปัญหาเกี่ยวกับการใช้โลตัสคอยน์ให้ท่านโดยทันที 

หากต้องการตรวจสอบยอดคอยน์คงเหลือ สามารถทำได้โดยการเข้าสู่ระบบแอปพลิเคชัน Lotus's SMART App และตรวจสอบยอดคอยน์คงเหลือว่าเพียงพอหรือไม่

หากมีคำถามเพิ่มเติม สามารถสอบถามน้องบัวได้เลยนะคะ ขอบคุณที่ใช้บริการค่ะ",,,,"หากพบปัญหาไม่สามารถใช้โลตัสคอยน์ที่หน้าสาขาได้ สามารถติดต่อพนักงานสาขาหรือติดต่อที่ 1430 กด 1 ได้เลยค่ะ พนักงานจะตรวจสอบและแก้ไขปัญหาเกี่ยวกับการใช้โลตัสคอยน์ให้ท่านโดยทันที 

หากต้องการตรวจสอบยอดคอยน์คงเหลือ สามารถทำได้โดยการเข้าสู่ระบบแอปพลิเคชัน Lotus's SMART App และตรวจสอบยอดคอยน์คงเหลือว่าเพียงพอหรือไม่

หากมีคำถามเพิ่มเติม สามารถสอบถามน้องบัวได้เลยนะคะ ขอบคุณที่ใช้บริการค่ะ",,,,My Lotus's
73,doc_id_th_73,doc_id_en_73, ไม่สามารถเข้าใช้งานแอปมายโลตัส ได้ค่ะ,ต้องขออภัยในความไม่สะดวกค่ะ หากไม่สามารถเข้าใช้งานแอปพลิเคชัน Lotus's SMART App ได้ ท่านสามารถทำการปิดและเปิดแอปพลิเคชันใหม่ หรือลบแอปพลิเคชันเพื่อติดตั้งใหม่ หากยังคงไม่สามารถเข้าใช้งานได้ สามารถติดต่อที่ 1430 กด 1 เพื่อประสานงานตรวจสอบและแนะนำวิธีการแก้ไขเบื้องต้นได้เลยค่ะ หากมีคำถามเพิ่มเติม สามารถสอบถามน้องบัวได้เลยนะคะ ขอบคุณที่ใช้บริการค่ะ,,,,ต้องขออภัยในความไม่สะดวกค่ะ หากไม่สามารถเข้าใช้งานแอปพลิเคชัน Lotus's SMART App ได้ ท่านสามารถทำการปิดและเปิดแอปพลิเคชันใหม่ หรือลบแอปพลิเคชันเพื่อติดตั้งใหม่ หากยังคงไม่สามารถเข้าใช้งานได้ สามารถติดต่อที่ 1430 กด 1 เพื่อประสานงานตรวจสอบและแนะนำวิธีการแก้ไขเบื้องต้นได้เลยค่ะ หากมีคำถามเพิ่มเติม สามารถสอบถามน้องบัวได้เลยนะคะ ขอบคุณที่ใช้บริการค่ะ,,,,My Lotus's
74,doc_id_th_74,doc_id_en_74, ถ้าซื้อของตามเงื่อนไขแล้ว มีสินค้ายกเว้นจะได้รับคูปองท้ายบิลใบเสร็จหรือไม่?, ขออภัยค่ะ หากคุณลูกค้าซื้อสินค้าตามเงื่อนไขแล้ว แต่มีสินค้ายกเว้น คุณลูกค้าอาจไม่ได้รับคูปองท้ายบิลใบเสร็จ หรืออาจได้รับคูปอง แต่ไม่เต็มจำนวนตามเงื่อนไขที่กำหนดไว้ คุณสามารถติดต่อพนักงานขายที่หน้าร้านหรือติดต่อที่ 1430 ได้เลยค่ะ พนักงานจะตรวจสอบและแจ้งให้คุณลูกค้าทราบเกี่ยวกับการออกคูปองท้ายบิลใบเสร็จ หากมีคำถามเพิ่มเติม สามารถสอบถามน้องบัวได้เลยนะคะ ขอบคุณที่ใช้บริการค่ะ,,,, ขออภัยค่ะ หากคุณลูกค้าซื้อสินค้าตามเงื่อนไขแล้ว แต่มีสินค้ายกเว้น คุณลูกค้าอาจไม่ได้รับคูปองท้ายบิลใบเสร็จ หรืออาจได้รับคูปอง แต่ไม่เต็มจำนวนตามเงื่อนไขที่กำหนดไว้ คุณสามารถติดต่อพนักงานขายที่หน้าร้านหรือติดต่อที่ 1430 ได้เลยค่ะ พนักงานจะตรวจสอบและแจ้งให้คุณลูกค้าทราบเกี่ยวกับการออกคูปองท้ายบิลใบเสร็จ หากมีคำถามเพิ่มเติม สามารถสอบถามน้องบัวได้เลยนะคะ ขอบคุณที่ใช้บริการค่ะ,,,,My Lotus's
75,doc_id_th_75,doc_id_en_75, ซื้อของกี่บาทถึงจะได้ 2 คอยน์,"ท่านจะได้รับ 0.5% ของยอดซื้อเป็นโลตัสคอยน์ โดยทุกๆ 50 บาทที่ซื้อจะเท่ากับ 0.5% หรือ 0.25 คอยน์ ดังนั้นหากต้องการได้ 2 คอยน์ ท่านจะต้องซื้อสินค้าในราคาที่เท่ากับ 400 บาทค่ะ

หากมีคำถามเพิ่มเติม สามารถสอบถามน้องบัวได้เลยนะคะ ขอบคุณที่ใช้บริการค่ะ",,,,"ท่านจะได้รับ 0.5% ของยอดซื้อเป็นโลตัสคอยน์ โดยทุกๆ 50 บาทที่ซื้อจะเท่ากับ 0.5% หรือ 0.25 คอยน์ ดังนั้นหากต้องการได้ 2 คอยน์ ท่านจะต้องซื้อสินค้าในราคาที่เท่ากับ 400 บาทค่ะ

หากมีคำถามเพิ่มเติม สามารถสอบถามน้องบัวได้เลยนะคะ ขอบคุณที่ใช้บริการค่ะ",,,,My Lotus's
76,doc_id_th_76,doc_id_en_76,ตรวจสอบโปรโมชั่นต่างๆของโลตัส,"ท่านสามารถตรวจสอบโปรโมชั่นเพิ่มเติมได้ที่ลิงก์นี้ค่ะ: https://www.lotuss.com/th/promotion หรือ https://www.facebook.com/lotussth

หากมีคำถามเพิ่มเติม สามารถสอบถามน้องบัวได้เลยนะคะ ขอบคุณที่ใช้บริการค่ะ",,,,"ท่านสามารถตรวจสอบโปรโมชั่นเพิ่มเติมได้ที่ลิงก์นี้ค่ะ: https://www.lotuss.com/th/promotion หรือ https://www.facebook.com/lotussth

หากมีคำถามเพิ่มเติม สามารถสอบถามน้องบัวได้เลยนะคะ ขอบคุณที่ใช้บริการค่ะ",,,,My Lotus's
77,doc_id_th_77,doc_id_en_77, สามารถสมัครสมาชิกในนามนิติบุคคลได้หรือไม่ครับ,สมาชิกมายโลตัสสมัครได้ในนามบุคคลธรรมดาเท่านั้นค่ะ หากมีคำถามเพิ่มเติม สามารถสอบถามน้องบัวได้เลยนะคะ ขอบคุณที่ใช้บริการค่ะ,,,,สมาชิกมายโลตัสสมัครได้ในนามบุคคลธรรมดาเท่านั้นค่ะ หากมีคำถามเพิ่มเติม สามารถสอบถามน้องบัวได้เลยนะคะ ขอบคุณที่ใช้บริการค่ะ,,,,My Lotus's
78,doc_id_th_78,doc_id_en_78,ต้องการสมัครสมาชิก B2B ทำอย่างไร?,หากท่านต้องการสมัคร B2B กับโลตัส สามารถ Add Friend จาก ID : @lotussb2b เพื่อทำการสมัครสมาชิก หรือติดต่อที่ 1430 กด 5 ได้เลยค่ะ  หากมีคำถามเพิ่มเติม สามารถสอบถามน้องบัวได้เลยนะคะ ขอบคุณที่ใช้บริการค่ะ,,,,หากท่านต้องการสมัคร B2B กับโลตัส สามารถ Add Friend จาก ID : @lotussb2b เพื่อทำการสมัครสมาชิก หรือติดต่อที่ 1430 กด 5 ได้เลยค่ะ  หากมีคำถามเพิ่มเติม สามารถสอบถามน้องบัวได้เลยนะคะ ขอบคุณที่ใช้บริการค่ะ,,,,My Lotus's
79,doc_id_th_79,doc_id_en_79,สอบถามโปรโมชั่นลด 15%,คุณลูกค้าสามารถตรวจสอบโปรโมชั่นเพิ่มเติมได้ที่ลิงก์นี้ค่ะ: https://www.lotuss.com/th/promotion ค่ะ หรือสามารถตรวจสอบรายละเอียดโปรโมชั่นลด 15% ได้โดยตรง โดยซื้อสินค้าที่ร่วมรายการ 15 ชิ้นขึ้นไป สามารถคละประเภทสินค้าได้ รับส่วนลดเพิ่มอีก 15% ทั้งตะกร้า ค่ะ หากมีคำถามเพิ่มเติม สามารถสอบถามน้องบัวได้เลยนะคะ ขอบคุณที่ใช้บริการค่ะ,,,,คุณลูกค้าสามารถตรวจสอบโปรโมชั่นเพิ่มเติมได้ที่ลิงก์นี้ค่ะ: https://www.lotuss.com/th/promotion ค่ะ หรือสามารถตรวจสอบรายละเอียดโปรโมชั่นลด 15% ได้โดยตรง โดยซื้อสินค้าที่ร่วมรายการ 15 ชิ้นขึ้นไป สามารถคละประเภทสินค้าได้ รับส่วนลดเพิ่มอีก 15% ทั้งตะกร้า ค่ะ หากมีคำถามเพิ่มเติม สามารถสอบถามน้องบัวได้เลยนะคะ ขอบคุณที่ใช้บริการค่ะ,,,,My Lotus's
80,doc_id_th_80,doc_id_en_80,สอบถามการแลกคอยน์ผ่าน App,"คุณลูกค้าสามารถแลก Lotus’s Coins สำหรับดีลพิเศษหรือสิทธิพิเศษของพาร์ทเนอร์ผ่านแอป Lotus's SMART App ได้ค่ะ โดยทำรายการได้ที่หน้า ""มายโลตัส"" และเลือกเมนู ""แลกคอยน์"" ค่ะ หากมีคำถามเพิ่มเติม สามารถสอบถามน้องบัวได้เลยนะคะ ขอบคุณที่ใช้บริการค่ะ",,,,"คุณลูกค้าสามารถแลก Lotus’s Coins สำหรับดีลพิเศษหรือสิทธิพิเศษของพาร์ทเนอร์ผ่านแอป Lotus's SMART App ได้ค่ะ โดยทำรายการได้ที่หน้า ""มายโลตัส"" และเลือกเมนู ""แลกคอยน์"" ค่ะ หากมีคำถามเพิ่มเติม สามารถสอบถามน้องบัวได้เลยนะคะ ขอบคุณที่ใช้บริการค่ะ",,,,My Lotus's
81,doc_id_th_81,doc_id_en_81,สอบถามชื้อสินค้ากี่บาทที่จะได้คอยน์,"คุณลูกค้าจะได้รับคอยน์ 0.5% สำหรับทุกๆ 50 บาทที่ซื้อสินค้าที่ร่วมรายการกับโลตัส ค่ะ ตัวอย่างเช่น หากคุณลูกค้าซื้อสินค้ามูลค่า 1,000 บาท คุณลูกค้าจะได้รับ 5 โลตัสคอยน์ ค่ะ หากมีคำถามเพิ่มเติม สามารถสอบถามน้องบัวได้เลยนะคะ ขอบคุณที่ใช้บริการค่ะ",,,,"คุณลูกค้าจะได้รับคอยน์ 0.5% สำหรับทุกๆ 50 บาทที่ซื้อสินค้าที่ร่วมรายการกับโลตัส ค่ะ ตัวอย่างเช่น หากคุณลูกค้าซื้อสินค้ามูลค่า 1,000 บาท คุณลูกค้าจะได้รับ 5 โลตัสคอยน์ ค่ะ หากมีคำถามเพิ่มเติม สามารถสอบถามน้องบัวได้เลยนะคะ ขอบคุณที่ใช้บริการค่ะ",,,,My Lotus's
82,doc_id_th_82,doc_id_en_82,สอบถามหมายเลขโทรศัพท์ติดต่อสาขาโลตัสวงเวียนช้าง บุรีรัมย์,หมายเลขโทรศัพท์ติดต่อโลตัส โกเฟรช วงเวียนช้าง บุรีรัมย์ คือ 081-249-9875 ค่ะ หากมีคำถามเพิ่มเติม สามารถสอบถามน้องบัวได้เลยนะคะ ขอบคุณที่ใช้บริการค่ะ,,,,หมายเลขโทรศัพท์ติดต่อโลตัส โกเฟรช วงเวียนช้าง บุรีรัมย์ คือ 081-249-9875 ค่ะ หากมีคำถามเพิ่มเติม สามารถสอบถามน้องบัวได้เลยนะคะ ขอบคุณที่ใช้บริการค่ะ,,,,My Lotus's
83,doc_id_th_83,doc_id_en_83,สอบถามค่ะหากสาขาไม่ได้สอบถามหมายเลขโทรศัพท์ในการสะสมคอยน์ สามารถสะสมคอยน์ย้อนหลังได้ไหม?,ท่านสามารถขอสะสมโลตัสคอยน์ย้อนหลังได้ หากลืมสะสมในวันที่ซื้อสินค้า โดยติดต่อศูนย์บริการลูกค้าโลตัส โทร 1430 กด 1 ตั้งแต่เวลา 9:00 – 23:00 น. ภายใน 90 วัน นับจากวันที่ทำการซื้อสินค้า และกรุณาเก็บใบเสร็จไว้ เพื่อใช้เป็นหลักฐานในการยืนยันการซื้อสินค้าค่ะ หากมีคำถามเพิ่มเติม สามารถสอบถามน้องบัวได้เลยนะคะ ขอบคุณที่ใช้บริการค่ะ,,,,ท่านสามารถขอสะสมโลตัสคอยน์ย้อนหลังได้ หากลืมสะสมในวันที่ซื้อสินค้า โดยติดต่อศูนย์บริการลูกค้าโลตัส โทร 1430 กด 1 ตั้งแต่เวลา 9:00 – 23:00 น. ภายใน 90 วัน นับจากวันที่ทำการซื้อสินค้า และกรุณาเก็บใบเสร็จไว้ เพื่อใช้เป็นหลักฐานในการยืนยันการซื้อสินค้าค่ะ หากมีคำถามเพิ่มเติม สามารถสอบถามน้องบัวได้เลยนะคะ ขอบคุณที่ใช้บริการค่ะ,,,,My Lotus's
84,doc_id_th_84,doc_id_en_84,สอบถามการเข้าใชงาน App My Lotus's เนื่องจากลืมรหัสผ่านต้องทำอย่างไร?,"หากคุณลูกค้าลืมรหัสผ่านการเข้าใช้งาน My Lotus's App คุณสามารถกดที่ ""ลืมรหัสผ่าน"" ในหน้าเข้าใช้งาน แล้วทำตามขั้นตอนที่ปรากฏบนหน้าจอเพื่อทำการรีเซ็ตรหัสผ่านใหม่ค่ะ หรือถ้าคุณลูกค้าต้องการความช่วยเหลือเพิ่มเติม สามารถติดต่อศูนย์บริการสมาชิก My Lotus's โทร 1430 กด 1 ได้ทุกวันตั้งแต่เวลา 9:00 – 23:00 น. ค่ะ หากมีคำถามเพิ่มเติม สามารถสอบถามน้องบัวได้เลยนะคะ ขอบคุณที่ใช้บริการค่ะ 
",,,,"หากคุณลูกค้าลืมรหัสผ่านการเข้าใช้งาน My Lotus's App คุณสามารถกดที่ ""ลืมรหัสผ่าน"" ในหน้าเข้าใช้งาน แล้วทำตามขั้นตอนที่ปรากฏบนหน้าจอเพื่อทำการรีเซ็ตรหัสผ่านใหม่ค่ะ หรือถ้าคุณลูกค้าต้องการความช่วยเหลือเพิ่มเติม สามารถติดต่อศูนย์บริการสมาชิก My Lotus's โทร 1430 กด 1 ได้ทุกวันตั้งแต่เวลา 9:00 – 23:00 น. ค่ะ หากมีคำถามเพิ่มเติม สามารถสอบถามน้องบัวได้เลยนะคะ ขอบคุณที่ใช้บริการค่ะ 
",,,,My Lotus's
85,doc_id_th_85,doc_id_en_85,สอบถามการขอใบกำกับภาษีสามารถขอย้อนหลังได้ไหมคะ,การขอใบกำกับภาษีในนามบุคคลธรรมดาหรือนิติบุคคลสำหรับการซื้อสินค้า ณ สาขาโลตัส คุณลูกค้าสามารถขอใบกำกับภาษีได้ที่จุดบริการลูกค้าภายในวันที่ซื้อสินค้าเท่านั้นค่ะ บริษัทไม่สามารถออกใบกำกับภาษีย้อนหลังได้ค่ะ หากมีคำถามเพิ่มเติม สามารถสอบถามน้องบัวได้เลยนะคะ ขอบคุณที่ใช้บริการค่ะ,,,,การขอใบกำกับภาษีในนามบุคคลธรรมดาหรือนิติบุคคลสำหรับการซื้อสินค้า ณ สาขาโลตัส คุณลูกค้าสามารถขอใบกำกับภาษีได้ที่จุดบริการลูกค้าภายในวันที่ซื้อสินค้าเท่านั้นค่ะ บริษัทไม่สามารถออกใบกำกับภาษีย้อนหลังได้ค่ะ หากมีคำถามเพิ่มเติม สามารถสอบถามน้องบัวได้เลยนะคะ ขอบคุณที่ใช้บริการค่ะ,,,,My Lotus's
86,doc_id_th_86,doc_id_en_86,ตัวอย่างการตอบคำถามที่ดี สำหรับการสอบถามข้อมูลสาขา,"โลตัสมีสาขาใหญ่หลายแห่งในจังหวัดบุรีรัมย์ค่ะ ได้แก่ 

1. โลตัส สาขาใหญ่ ประโคนชัย 
2. โลตัส สาขาใหญ่ นางรอง 
3. โลตัส สาขาใหญ่ สตึก 

สำหรับข้อมูลเพิ่มเติมเกี่ยวกับสาขาแต่ละแห่ง เช่น ที่อยู่ โทรศัพท์ หรือเวลาเปิด-ปิด สามารถสอบถามเพิ่มเติมได้ค่ะ หากมีคำถามเพิ่มเติม สามารถสอบถามน้องบัวได้เลยนะคะ ขอบคุณที่ใช้บริการค่ะ",,,,"
1. โลตัส สาขาใหญ่ ประโคนชัย 
2. โลตัส สาขาใหญ่ นางรอง 
3. โลตัส สาขาใหญ่ สตึก 

สำหรับข้อมูลเพิ่มเติมเกี่ยวกับสาขาแต่ละแห่ง เช่น ที่อยู่ โทรศัพท์ หรือเวลาเปิด-ปิด สามารถสอบถามเพิ่มเติมได้ค่ะ หากมีคำถามเพิ่มเติม สามารถสอบถามน้องบัวได้เลยนะคะ ขอบคุณที่ใช้บริการค่ะ",,,,My Lotus's
87,doc_id_th_87,doc_id_en_87,สอบถามขั้นตอนการเข้าใช้งานแอปพลิเคชั่น,"ขั้นตอนการเข้าใช้งานแอปพลิเคชัน Lotus's SMART App คือ 
1. ดาวน์โหลดแอปพลิเคชัน Lotus's SMART App จาก App Store หรือ Google Play Store
2. เปิดแอปพลิเคชัน Lotus's SMART App 
3. กดที่ ""ลงชื่อเข้าใช้""
4. ใส่หมายเลขโทรศัพท์ที่สมัครสมาชิก My Lotus's 
5. ใส่รหัสผ่าน 
6. กดที่ ""เข้าใช้งาน"" ค่ะ หากมีคำถามเพิ่มเติม สามารถสอบถามน้องบัวได้เลยนะคะ ขอบคุณที่ใช้บริการค่ะ",,,,"ขั้นตอนการเข้าใช้งานแอปพลิเคชัน Lotus's SMART App คือ 
1. ดาวน์โหลดแอปพลิเคชัน Lotus's SMART App จาก App Store หรือ Google Play Store
2. เปิดแอปพลิเคชัน Lotus's SMART App 
3. กดที่ ""ลงชื่อเข้าใช้""
4. ใส่หมายเลขโทรศัพท์ที่สมัครสมาชิก My Lotus's 
5. ใส่รหัสผ่าน 
6. กดที่ ""เข้าใช้งาน"" ค่ะ หากมีคำถามเพิ่มเติม สามารถสอบถามน้องบัวได้เลยนะคะ ขอบคุณที่ใช้บริการค่ะ",,,,My Lotus's
88,doc_id_th_88,doc_id_en_88,ถ้าต้องการสะสมคะแนนโลตัสต้องทำไงคะ,"ท่านสามารถสะสมคะแนนโลตัสคอยน์ได้เพียง
- แจ้งเบอร์มือถือ 10 หลัก 
- สแกนคิวอาร์โค้ดผ่านแอปฯ สำหรับการช้อปผ่านร้านค้าโลตัส 
- ล็อคอินด้วยสมาชิกมายโลตัสเมื่อช้อปออนไลน์เพื่อสะสมโลตัสคอยน์

หากมีคำถามเพิ่มเติม สามารถสอบถามน้องบัวได้เลยนะคะ ขอบคุณที่ใช้บริการค่ะ",,,,"ท่านสามารถสะสมคะแนนโลตัสคอยน์ได้เพียง
- แจ้งเบอร์มือถือ 10 หลัก 
- สแกนคิวอาร์โค้ดผ่านแอปฯ สำหรับการช้อปผ่านร้านค้าโลตัส 
- ล็อคอินด้วยสมาชิกมายโลตัสเมื่อช้อปออนไลน์เพื่อสะสมโลตัสคอยน์

หากมีคำถามเพิ่มเติม สามารถสอบถามน้องบัวได้เลยนะคะ ขอบคุณที่ใช้บริการค่ะ",,,,My Lotus's
89,doc_id_th_89,doc_id_en_89,คูปองเดือนเกิดยังมีโปรโมชั่นอยู่ไหม?,"เนื่องจากทางบริษัทจะมีการมีการปรับเปลี่ยนกิจกรรมทุกเดือน กรุณาสอบถามข้อมูลเพิ่มเติมที่ 1430 ทุกวันตั้งแต่เวลา 9:00 น. ถึง 23:00 น.ค่ะ
",,,,"เนื่องจากทางบริษัทจะมีการมีการปรับเปลี่ยนกิจกรรมทุกเดือน กรุณาสอบถามข้อมูลเพิ่มเติมที่ 1430 ทุกวันตั้งแต่เวลา 9:00 น. ถึง 23:00 น.ค่ะ
",,,,My Lotus's
90,doc_id_th_90,doc_id_en_90,สอบถามครับ สินค้าที่ไม่ได้รับคอยน์มีสินค้าอะไรบ้าง,"บริษัทฯ ขอสงวนสิทธิ์ในการกำหนดประเภทสินค้าและบริการที่ไม่สามารถนำยอดซื้อมาใช้สะสมโลตัสคอยน์ และไม่สามารถใช้โลตัสคอยน์กับสินค้าและบริการดังกล่าว (""สินค้าที่ไม่ร่วมรายการ"") โดยสินค้าที่ไม่ร่วมรายการได้แก่ สินค้าประเภทสุรา, บุหรี่, บริการชำระบิล, บัตรเติมเงิน, บัตรของขวัญ, บริการไปรษณีย์, เวชภัณฑ์, นมดัดแปลงสำหรับทารกและนมดัดแปลงสูตรต่อเนื่อง สำหรับทารกและเด็ก (สูตร 1 และ 2) และสินค้าทั้งหมดที่ขายบริเวณพื้นที่เช่า ทั้งนี้ บริษัทฯ ขอสงวนสิทธิ์ในการเพิ่มหรือลดรายการสินค้าที่ไม่ร่วมรายการดังกล่าวตามความเหมาะสมค่ะ",,,,"บริษัทฯ ขอสงวนสิทธิ์ในการกำหนดประเภทสินค้าและบริการที่ไม่สามารถนำยอดซื้อมาใช้สะสมโลตัสคอยน์ และไม่สามารถใช้โลตัสคอยน์กับสินค้าและบริการดังกล่าว (""สินค้าที่ไม่ร่วมรายการ"") โดยสินค้าที่ไม่ร่วมรายการได้แก่ สินค้าประเภทสุรา, บุหรี่, บริการชำระบิล, บัตรเติมเงิน, บัตรของขวัญ, บริการไปรษณีย์, เวชภัณฑ์, นมดัดแปลงสำหรับทารกและนมดัดแปลงสูตรต่อเนื่อง สำหรับทารกและเด็ก (สูตร 1 และ 2) และสินค้าทั้งหมดที่ขายบริเวณพื้นที่เช่า ทั้งนี้ บริษัทฯ ขอสงวนสิทธิ์ในการเพิ่มหรือลดรายการสินค้าที่ไม่ร่วมรายการดังกล่าวตามความเหมาะสมค่ะ",,,,My Lotus's
91,doc_id_th_91,doc_id_en_91,ซื้อของที่โลตัส จ่ายด้วยทรูมันนี่ จะได้คอยน์พิเศษไหม?,"เนื่องจากทางบริษัทจะมีการมีการปรับเปลี่ยนกิจกรรมทุกเดือน กรุณาสอบถามข้อมูลเพิ่มเติมที่ 1430 ทุกวันตั้งแต่เวลา 9:00 น. ถึง 23:00 น.ค่ะ
",,,,"เนื่องจากทางบริษัทจะมีการมีการปรับเปลี่ยนกิจกรรมทุกเดือน กรุณาสอบถามข้อมูลเพิ่มเติมที่ 1430 ทุกวันตั้งแต่เวลา 9:00 น. ถึง 23:00 น.ค่ะ
",,,,My Lotus's
92,doc_id_th_92,doc_id_en_92,จ่ายบิลที่โลตัส จะได้รับคอยน์ไหม?,การชำระบิลที่โลตัส ไม่ได้รับโลตัสคอยน์ค่ะ เนื่องจากเงื่อนไขการสะสมโลตัสคอยน์ คือ การซื้อสินค้าที่ร่วมรายการ ทุก ๆ 50 บาท จะได้รับ 0.5% เป็นโลตัสคอยน์ แต่การชำระบิลไม่ถือเป็นการซื้อสินค้า จึงไม่ได้รับโลตัสคอยน์ค่ะ หากมีคำถามเพิ่มเติม สามารถสอบถามน้องบัวได้เลยนะคะ ขอบคุณที่ใช้บริการค่ะ,,,,การชำระบิลที่โลตัส ไม่ได้รับโลตัสคอยน์ค่ะ เนื่องจากเงื่อนไขการสะสมโลตัสคอยน์ คือ การซื้อสินค้าที่ร่วมรายการ ทุก ๆ 50 บาท จะได้รับ 0.5% เป็นโลตัสคอยน์ แต่การชำระบิลไม่ถือเป็นการซื้อสินค้า จึงไม่ได้รับโลตัสคอยน์ค่ะ หากมีคำถามเพิ่มเติม สามารถสอบถามน้องบัวได้เลยนะคะ ขอบคุณที่ใช้บริการค่ะ,,,,My Lotus's
93,doc_id_th_93,doc_id_en_93,ซื้อของช้อปออนไลน์ได้คอยน์ไหม คอยน์จะเข้าให้เมื่อไหร่,"คุณลูกค้าสามารถสะสมโลตัสคอยน์ได้จากการซื้อสินค้าที่ร่วมรายการผ่านช้อปออนไลน์ โลตัสคอยน์จะถูกเครดิตเข้าบัญชีสมาชิกมายโลตัสของคุณลูกค้าหลังจากการชำระเงินเรียบร้อยแล้วค่ะ และคุณลูกค้าสามารถตรวจสอบยอดสะสมโลตัสคอยน์ได้ตลอดเวลาผ่านช่องทางต่าง ๆ เช่น โลตัส สมาร์ท แอป, ท้ายใบเสร็จ, Line Official หรือติดต่อศูนย์บริการลูกค้าโลตัสค่ะ หากมีคำถามเพิ่มเติม สามารถสอบถามน้องบัวได้เลยนะคะ ขอบคุณที่ใช้บริการค่ะ",,,,"คุณลูกค้าสามารถสะสมโลตัสคอยน์ได้จากการซื้อสินค้าที่ร่วมรายการผ่านช้อปออนไลน์ โลตัสคอยน์จะถูกเครดิตเข้าบัญชีสมาชิกมายโลตัสของคุณลูกค้าหลังจากการชำระเงินเรียบร้อยแล้วค่ะ และคุณลูกค้าสามารถตรวจสอบยอดสะสมโลตัสคอยน์ได้ตลอดเวลาผ่านช่องทางต่าง ๆ เช่น โลตัส สมาร์ท แอป, ท้ายใบเสร็จ, Line Official หรือติดต่อศูนย์บริการลูกค้าโลตัสค่ะ หากมีคำถามเพิ่มเติม สามารถสอบถามน้องบัวได้เลยนะคะ ขอบคุณที่ใช้บริการค่ะ",,,,My Lotus's
94,doc_id_th_94,doc_id_en_94,ชาวต่างชาติสมัครสมาชิกได้ไหม?,"คุณลูกค้าสามารถสมัครสมาชิกได้ 2 ช่องทางค่ะ:
1. ออนไลน์: ผ่าน Lotus's SMART App หรือเว็บไซต์ mylotussregister.lotuss.com 
2. ที่สาขา: สมัครผ่านแคชเชียร์ด้วยบัตรประชาชนและเบอร์โทรศัพท์ค่ะ 
สำหรับชาวต่างชาติ สามารถใช้บัตรประชาชนหรือพาสปอร์ตในการสมัครสมาชิกได้ค่ะ หากมีคำถามเพิ่มเติม สามารถสอบถามน้องบัวได้เลยนะคะ ขอบคุณที่ใช้บริการค่ะ",,,,"คุณลูกค้าสามารถสมัครสมาชิกได้ 2 ช่องทางค่ะ:
1. ออนไลน์: ผ่าน Lotus's SMART App หรือเว็บไซต์ mylotussregister.lotuss.com 
2. ที่สาขา: สมัครผ่านแคชเชียร์ด้วยบัตรประชาชนและเบอร์โทรศัพท์ค่ะ 
สำหรับชาวต่างชาติ สามารถใช้บัตรประชาชนหรือพาสปอร์ตในการสมัครสมาชิกได้ค่ะ หากมีคำถามเพิ่มเติม สามารถสอบถามน้องบัวได้เลยนะคะ ขอบคุณที่ใช้บริการค่ะ",,,,My Lotus's
95,doc_id_th_95,doc_id_en_95,น้องบัวคือใคร ?,"น้องบัวคือตัวแทนฝ่ายบริการลูกค้าของโลตัสค่ะ หากมีคำถามหรือต้องการข้อมูลเพิ่มเติมเกี่ยวกับโลตัส สามารถสอบถามน้องบัวได้เลยค่ะ
หากมีคำถามเพิ่มเติม สามารถสอบถามน้องบัวได้เลยนะคะ ขอบคุณที่ใช้บริการค่ะ",,,,"น้องบัวคือตัวแทนฝ่ายบริการลูกค้าของโลตัสค่ะ หากมีคำถามหรือต้องการข้อมูลเพิ่มเติมเกี่ยวกับโลตัส สามารถสอบถามน้องบัวได้เลยค่ะ
หากมีคำถามเพิ่มเติม สามารถสอบถามน้องบัวได้เลยนะคะ ขอบคุณที่ใช้บริการค่ะ",,,,My Lotus's
96,doc_id_th_96,doc_id_en_96,หากสาขามีการติดป้ายราคาสินค้าผิด หรือไม่ตรงกับสินค้าที่ลูกค้าเลือกซื้อควรแก้ไขอย่างไร?,"ต้องขออภัยในความไม่สะดวกที่ได้รับ กรณีพบปัญหาราคาสินค้าไม่ตรงตามป้าย ราคาที่แสดงบนป้ายมีข้อผิดพลาดใด ๆ ท่านสามารถติดต่อส่วนงานบริการลูกค้าได้ตามช่องทางดังนี้ค่ะ
- ติดต่อพนักงานสาขาที่ใช้บริการ
- Inbox FB Lotus's Official 💬
- อีเมล: customer-service@lotuss.com 📧
- เว็บไซต์: https://corporate.lotuss.com/contact-us/ 🌐
- โทรศัพท์: 1430 กด 4: ลูกค้าสัมพันธ์
หากมีคำถามเพิ่มเติม สามารถสอบถามน้องบัวได้เลยนะคะ ขอบคุณที่ใช้บริการค่ะ",,,,"ต้องขออภัยในความไม่สะดวกที่ได้รับ กรณีพบปัญหาราคาสินค้าไม่ตรงตามป้าย ราคาที่แสดงบนป้ายมีข้อผิดพลาดใด ๆ ท่านสามารถติดต่อส่วนงานบริการลูกค้าได้ตามช่องทางดังนี้ค่ะ
- ติดต่อพนักงานสาขาที่ใช้บริการ
- Inbox FB Lotus's Official 💬
- อีเมล: customer-service@lotuss.com 📧
- เว็บไซต์: https://corporate.lotuss.com/contact-us/ 🌐
- โทรศัพท์: 1430 กด 4: ลูกค้าสัมพันธ์
หากมีคำถามเพิ่มเติม สามารถสอบถามน้องบัวได้เลยนะคะ ขอบคุณที่ใช้บริการค่ะ",,,,My Lotus's
97,doc_id_th_97,doc_id_en_97,ซื้อสินค้ากลุ่มน้ำมันได้รับคอยน์หรือไม่?,ท่านสามารถตรวจสอบเงื่อนไขการแจกคอยน์ได้ จากรายละเอียดแต่ละโปรโมชั่นค่ะ,,,,ท่านสามารถตรวจสอบเงื่อนไขการแจกคอยน์ได้ จากรายละเอียดแต่ละโปรโมชั่นค่ะ,,,,My Lotus's
98,doc_id_th_98,doc_id_en_98,โลตัสมีกี่สาขาทั่วประเทศ?,"โลตัสในประเทศไทยมีทั้งหมดประมาณ 2,000 กว่าสาขา โดยจะมีรูปแบบร้านค้า 1.ไฮเปอร์มาร์เก็ต(สาขาใหญ่) 2.โกเฟรช ซุปเปอร์มาร์เก็ต และ โกเฟรช มินิซุปเปอร์มาร์เก็ต ค่ะ",,,,"โลตัสในประเทศไทยมีทั้งหมดประมาณ 2,000 กว่าสาขา โดยจะมีรูปแบบร้านค้า 1.ไฮเปอร์มาร์เก็ต(สาขาใหญ่) 2.โกเฟรช ซุปเปอร์มาร์เก็ต และ โกเฟรช มินิซุปเปอร์มาร์เก็ต ค่ะ",,,,My Lotus's
99,doc_id_th_99,doc_id_en_99,โลตัสเปิดให้บริการมาแล้ว กี่ปี?,สามารถตรวจสอบรายละเอียดเพิ่มเติมได้ที่ https://corporate.lotuss.com/about/,,,,สามารถตรวจสอบรายละเอียดเพิ่มเติมได้ที่ https://corporate.lotuss.com/about/,,,,My Lotus's
100,doc_id_th_100,doc_id_en_100,แอปมายโลตัสสามารถสั่งซื้อสินค้าเครื่องใช้ไฟฟ้าได้หรือไม่?,ท่านสามารถสั่งซื้อเครื่องใช้ไฟฟ้าผ่านช่องทางออนไลน์ของเราได้ โดยเข้าไปที่เว็บไซต์ หรือแอปพลิเคชันของ Lotus's Shop Online เลือกเมนูมหกรรมเครื่องใช้ไฟฟ้าค่ะ ท่านสามารถศึกษาวิธีการใช้งานได้ง่าย ๆ ที่ลิงก์นี้ค่ะ:https://www.lotuss.com/th/electronic-expo-how-to-shop,,,,ท่านสามารถสั่งซื้อเครื่องใช้ไฟฟ้าผ่านช่องทางออนไลน์ของเราได้ โดยเข้าไปที่เว็บไซต์ หรือแอปพลิเคชันของ Lotus's Shop Online เลือกเมนูมหกรรมเครื่องใช้ไฟฟ้าค่ะ ท่านสามารถศึกษาวิธีการใช้งานได้ง่าย ๆ ที่ลิงก์นี้ค่ะ:https://www.lotuss.com/th/electronic-expo-how-to-shop,,,,My Lotus's
101,doc_id_th_101,doc_id_en_101,"เบอร์โทรศัพท์หน่วยงานบัตรเครดิตของโลตัสคือเบอร์ใด?
","หากคุณลูกค้าต้องการสอบถามยอดค้างชำระ หรือค่าธรรมเนียม สามารถติดต่อที่หมายเลข 1712 กด 1 ได้เลยค่ะ 
หากมีคำถามเพิ่มเติม สามารถสอบถามน้องบัวได้เลยนะคะ ขอบคุณที่ใช้บริการค่ะ
",,,,"หากคุณลูกค้าต้องการสอบถามยอดค้างชำระ หรือค่าธรรมเนียม สามารถติดต่อที่หมายเลข 1712 กด 1 ได้เลยค่ะ 
หากมีคำถามเพิ่มเติม สามารถสอบถามน้องบัวได้เลยนะคะ ขอบคุณที่ใช้บริการค่ะ
",,,,My Lotus's
102,doc_id_th_102,doc_id_en_102,โลตัสยังใช้งานบัตรคลับการ์ดอยู่หรือไม่?,"โลตัสยกเลิกการใช้บัตรเพื่อสแกนสะสมแล้วค่ะ ปัจจุบันท่านสามารถสะสมคอยน์โดยการ
- แจ้งเบอร์มือถือ 10 หลัก 
- สแกนคิวอาร์โค้ดผ่านแอปฯ สำหรับการช้อปผ่านร้านค้าโลตัส 
- ล็อคอินด้วยสมาชิกมายโลตัสเมื่อช้อปออนไลน์เพื่อสะสมโลตัสคอยน์ค่ะ",,,,"โลตัสยกเลิกการใช้บัตรเพื่อสแกนสะสมแล้วค่ะ ปัจจุบันท่านสามารถสะสมคอยน์โดยการ
- แจ้งเบอร์มือถือ 10 หลัก 
- สแกนคิวอาร์โค้ดผ่านแอปฯ สำหรับการช้อปผ่านร้านค้าโลตัส 
- ล็อคอินด้วยสมาชิกมายโลตัสเมื่อช้อปออนไลน์เพื่อสะสมโลตัสคอยน์ค่ะ",,,,My Lotus's
103,doc_id_th_103,doc_id_en_103,ต้องการสมัครงานที่โลตัส ต้องทำยังไง?,"หากคุณลูกค้าต้องการสมัครงานกับโลตัส:
- ติดต่อฝ่ายบุคคลที่เบอร์ 02-797-9000 (จันทร์ - ศุกร์ 09:00 - 16:30 น.) 
- ฝากประวัติสมัครงานที่ https://careers.lotuss.com
- หรือสอบถามข้อมูลในสาขาที่ลูกค้าสนใจด้วยตัวเองค่ะ 

หากมีคำถามเพิ่มเติม สามารถสอบถามน้องบัวได้เลยนะคะ ขอบคุณที่ใช้บริการค่ะ",,,,"หากคุณลูกค้าต้องการสมัครงานกับโลตัส:
- ติดต่อฝ่ายบุคคลที่เบอร์ 02-797-9000 (จันทร์ - ศุกร์ 09:00 - 16:30 น.) 
- ฝากประวัติสมัครงานที่ https://careers.lotuss.com
- หรือสอบถามข้อมูลในสาขาที่ลูกค้าสนใจด้วยตัวเองค่ะ 

หากมีคำถามเพิ่มเติม สามารถสอบถามน้องบัวได้เลยนะคะ ขอบคุณที่ใช้บริการค่ะ",,,,My Lotus's
104,doc_id_th_104,doc_id_en_104,คูปองไม่ได้ส่งมาที่บ้านแล้วใช่หรือไม่?,โลตัสมีการยกเลิกการจัดส่งคูปองแล้วค่ะ โดยลูกค้าสามารถดาวน์โหลดแอปมายโลตัส https://apps.apple.com/th/app/lotuss/id1540944956 เพื่อตรวจสอบและใช้งานคูปองได้เลยค่ะ,,,,โลตัสมีการยกเลิกการจัดส่งคูปองแล้วค่ะ โดยลูกค้าสามารถดาวน์โหลดแอปมายโลตัส https://apps.apple.com/th/app/lotuss/id1540944956 เพื่อตรวจสอบและใช้งานคูปองได้เลยค่ะ,,,,My Lotus's
105,doc_id_th_105,doc_id_en_105,โลตัสเปลี่ยนจากคลับการ์ดมาเป็นมายโลตัสตั้งแต่เมื่อไหร่?,โลตัส (Lotus's) ได้เปลี่ยนระบบสมาชิกจากเดิมสมาชิกโลตัส (หรือชื่อเดิม คลับการ์ด) มาเป็น มายโลตัส (My Lotus's) พร้อมโอนย้ายคะแนนสะสมสมาชิกโลตัสเดิมเป็นโลตัสคอยน์ค่ะ,,,,โลตัส (Lotus's) ได้เปลี่ยนระบบสมาชิกจากเดิมสมาชิกโลตัส (หรือชื่อเดิม คลับการ์ด) มาเป็น มายโลตัส (My Lotus's) พร้อมโอนย้ายคะแนนสะสมสมาชิกโลตัสเดิมเป็นโลตัสคอยน์ค่ะ,,,,My Lotus's
106,doc_id_th_106,doc_id_en_106,การคำนวนคอยน์รูปแบบใหม่ของโลตัสเริ่มตั้งแต่เมื่อไหร่?,ตั้งแต่วันที่ 1 ก.พ. 67 เป็นต้นไป ทางโลตัสได้เปลี่ยนแปลงวิธีการคำนวณคอยน์รูปแบบใหม่ เมื่อช้อป 50 บาทขึ้นไป รับคอยน์คืน 0.5% กับทุกๆ บาทที่ช้อปค่ะ,,,,ตั้งแต่วันที่ 1 ก.พ. 67 เป็นต้นไป ทางโลตัสได้เปลี่ยนแปลงวิธีการคำนวณคอยน์รูปแบบใหม่ เมื่อช้อป 50 บาทขึ้นไป รับคอยน์คืน 0.5% กับทุกๆ บาทที่ช้อปค่ะ,,,,My Lotus's
107,doc_id_th_107,doc_id_en_107,สมาชิกมีวันหมดอายุหรือไม่?,สมาชิก My Lotus’s ไม่มีวันหมดอายุค่ะ หากมีคำถามเพิ่มเติม สามารถสอบถามน้องบัวได้เลยนะคะ ขอบคุณที่ใช้บริการค่ะ,,,,สมาชิก My Lotus’s ไม่มีวันหมดอายุค่ะ หากมีคำถามเพิ่มเติม สามารถสอบถามน้องบัวได้เลยนะคะ ขอบคุณที่ใช้บริการค่ะ,,,,My Lotus's
108,doc_id_th_108,doc_id_en_108,สมัครสมาชิกไม่สำเร็จต้องทำอย่างไร?,คุณลูกค้าสามารถติดต่อศูนย์บริการสมาชิก My Lotus’s โทร 1430 กด 1 ได้ทุกวัน เวลา 9:00 - 23:00 น. ค่ะ หากมีคำถามเพิ่มเติม สามารถสอบถามน้องบัวได้เลยนะคะ ขอบคุณที่ใช้บริการค่ะ,,,,คุณลูกค้าสามารถติดต่อศูนย์บริการสมาชิก My Lotus’s โทร 1430 กด 1 ได้ทุกวัน เวลา 9:00 - 23:00 น. ค่ะ หากมีคำถามเพิ่มเติม สามารถสอบถามน้องบัวได้เลยนะคะ ขอบคุณที่ใช้บริการค่ะ,,,,My Lotus's
109,doc_id_th_109,doc_id_en_109,ผู้ที่สามารถสมัครสมาชิกมายโลตัสมีจำกัดอายุหรือไม่?,ผู้ที่สามารถสมัครสมาชิกมายโลตัสจะต้องมีอายุครบ 15 ปีบริบูรณ์ค่ะ,,,,ผู้ที่สามารถสมัครสมาชิกมายโลตัสจะต้องมีอายุครบ 15 ปีบริบูรณ์ค่ะ,,,,My Lotus's
110,doc_id_th_110,doc_id_en_110,ผู้สูงอายุ สามารถสมัครงานที่โลตัสได้หรือไม่,"ขออภัยค่ะ ไม่มีข้อมูลเกี่ยวกับเรื่องของผู้สูงอายุสามารถสมัครงานที่โลตัสได้หรือไม่ แต่หากคุณลูกค้าต้องการสมัครงานกับโลตัส สามารถติดต่อฝ่ายบุคคลที่เบอร์ 02-797-9000 (จันทร์ - ศุกร์ 09:00 - 16:30 น.) หรือฝากประวัติสมัครงานที่ https://careers.lotuss.com หรือสอบถามข้อมูลในสาขาที่ลูกค้าสนใจด้วยตัวเองค่ะ

หากมีคำถามเพิ่มเติม สามารถสอบถามน้องบัวได้เลยนะคะ ขอบคุณที่ใช้บริการค่ะ",,,,"ขออภัยค่ะ ไม่มีข้อมูลเกี่ยวกับเรื่องของผู้สูงอายุสามารถสมัครงานที่โลตัสได้หรือไม่ แต่หากคุณลูกค้าต้องการสมัครงานกับโลตัส สามารถติดต่อฝ่ายบุคคลที่เบอร์ 02-797-9000 (จันทร์ - ศุกร์ 09:00 - 16:30 น.) หรือฝากประวัติสมัครงานที่ https://careers.lotuss.com หรือสอบถามข้อมูลในสาขาที่ลูกค้าสนใจด้วยตัวเองค่ะ

หากมีคำถามเพิ่มเติม สามารถสอบถามน้องบัวได้เลยนะคะ ขอบคุณที่ใช้บริการค่ะ",,,,My Lotus's
111,doc_id_th_111,doc_id_en_111,บริษัท เอก-ชัย ดีสทริบิวชั่น ซิสเทม จำกัด  เปลี่ยนชื่อเป็น ซีพี CP Axtra วันที่เท่าไหร่,วันที่ 1 ตุลาคม 2567 ยุติการใช้ชื่อบริษัท เอก-ชัย ดีสทริบิวชั่น ซิสเทม จำกัด  เปลี่ยนมาเป็น CP Axtra แทนค่ะ,,,,วันที่ 1 ตุลาคม 2567 ยุติการใช้ชื่อบริษัท เอก-ชัย ดีสทริบิวชั่น ซิสเทม จำกัด  เปลี่ยนมาเป็น CP Axtra แทนค่ะ,,,,My Lotus's
112,doc_id_th_112,doc_id_en_112,กรณีต้องการใช้คอยน์แทนเงินสดที่สาขา ต้องทำอย่างไรบ้าง,"กรณีต้องการใช้คอยน์เป็นส่วนลดที่สาขาสามารถดำเนินการได้โดย
- แจ้งหมายเลขโทรศัพท์มือถือที่ผูกไว้กับสมาชิกมายโลตัสพร้อมกับหมายเลขบัตรประชาชน 4 ตัวท้ายกับเจ้าหน้าที่แคชเชียร์
-แลกคอยน์เป็นคูปองเงินสดผ่าน Lotus's App โดยในแอปมีให้เลือกกดแลกเป็นคูปองเงินสด 20, 50 และ 100 บาทค่ะ",,,,"กรณีต้องการใช้คอยน์เป็นส่วนลดที่สาขาสามารถดำเนินการได้โดย
- แจ้งหมายเลขโทรศัพท์มือถือที่ผูกไว้กับสมาชิกมายโลตัสพร้อมกับหมายเลขบัตรประชาชน 4 ตัวท้ายกับเจ้าหน้าที่แคชเชียร์
-แลกคอยน์เป็นคูปองเงินสดผ่าน Lotus's App โดยในแอปมีให้เลือกกดแลกเป็นคูปองเงินสด 20, 50 และ 100 บาทค่ะ",,,,My Lotus's
113,doc_id_th_113,doc_id_en_113,การเปลี่ยนคืนสินค้า ต้องเปลี่ยนภายในกี่วัน,"หากคุณลูกค้าต้องการเปลี่ยนหรือคืนสินค้าที่ซื้อจากสาขา กรุณานำใบเสร็จและสินค้าพร้อมของแถม (ถ้ามี)มาติดต่อที่สาขาที่ซื้อสินค้าภายในระยะเวลาที่กำหนดดังนี้

🔌 ประเภทเครื่องใช้ไฟฟ้า สามารถเปลี่ยนคืนสินค้าได้ภายใน 7 วัน
🥬 ประเภทอาหารสด สามารถเปลี่ยนคืนสินค้าได้ภายในวันที่ซื้อ
👕 ประเภทเสื้อผ้า สามารถเปลี่ยนคืนสินค้าได้ภายใน 30 วัน โดยสินค้าต้องไม่ผ่านการซักหรือใช้งาน (ยกเว้นชุดชั้นในและถุงเท้าจะไม่สามารถเปลี่ยนคืนได้)
🍪 ประเภทอาหารแห้งสามารถเปลี่ยนคืนสินค้าได้ภายใน 30 วัน
🪑 ประเภทของใช้ทั่วไป สามารถเปลี่ยนคืนสินค้าได้ภายใน 30 วันค่ะ

หากมีคำถามเพิ่มเติม สามารถสอบถามน้องบัวได้เลยนะคะ ขอบคุณที่ใช้บริการค่ะ",,,,"หากคุณลูกค้าต้องการเปลี่ยนหรือคืนสินค้าที่ซื้อจากสาขา กรุณานำใบเสร็จและสินค้าพร้อมของแถม (ถ้ามี)มาติดต่อที่สาขาที่ซื้อสินค้าภายในระยะเวลาที่กำหนดดังนี้

🔌 ประเภทเครื่องใช้ไฟฟ้า สามารถเปลี่ยนคืนสินค้าได้ภายใน 7 วัน
🥬 ประเภทอาหารสด สามารถเปลี่ยนคืนสินค้าได้ภายในวันที่ซื้อ
👕 ประเภทเสื้อผ้า สามารถเปลี่ยนคืนสินค้าได้ภายใน 30 วัน โดยสินค้าต้องไม่ผ่านการซักหรือใช้งาน (ยกเว้นชุดชั้นในและถุงเท้าจะไม่สามารถเปลี่ยนคืนได้)
🍪 ประเภทอาหารแห้งสามารถเปลี่ยนคืนสินค้าได้ภายใน 30 วัน
🪑 ประเภทของใช้ทั่วไป สามารถเปลี่ยนคืนสินค้าได้ภายใน 30 วันค่ะ

หากมีคำถามเพิ่มเติม สามารถสอบถามน้องบัวได้เลยนะคะ ขอบคุณที่ใช้บริการค่ะ",,,,My Lotus's
114,doc_id_th_114,doc_id_en_114,สอบถามการรับคอยน์พนักงานโลตัส,"พนักงานโลตัสที่เข้าทำงานครบ 1 ปีขึ้นไป จะได้รับคอยน์พนักงาน (Staff Coin) 1,000 คอยน์/ปี โดยจะเข้าพร้อมกันกับคอยน์ปกติค่ะ",,,,"พนักงานโลตัสที่เข้าทำงานครบ 1 ปีขึ้นไป จะได้รับคอยน์พนักงาน (Staff Coin) 1,000 คอยน์/ปี โดยจะเข้าพร้อมกันกับคอยน์ปกติค่ะ",,,,My Lotus's
115,doc_id_th_115,doc_id_en_115,เงื่อนไขการรับคอยน์จากการหย่อนขวด,สำหรับกิจกรรมขวดแลกคอยน์สามารถสะสมได้สูงสุด 10 ขวดต่อวัน โดยยอดสะสม 5 ขวด = 1 คอยน์ (1 วัน จะได้รับสูงสุด 2 คอยน์),,,,สำหรับกิจกรรมขวดแลกคอยน์สามารถสะสมได้สูงสุด 10 ขวดต่อวัน โดยยอดสะสม 5 ขวด = 1 คอยน์ (1 วัน จะได้รับสูงสุด 2 คอยน์),,,,My Lotus's
116,doc_id_th_116,doc_id_en_116,สำหรับสมาชิกใหม่ มีโปรโมชั่นพิเศษอะไรไหม?,"สำหรับสมาชิกใหม่ มีโปรโมชั่นพิเศษมากมาย เช่น ส่วนลดพิเศษ การสะสมโลตัสคอยน์ และดีลพิเศษอื่น ๆ ค่ะ แต่โปรโมชั่นอาจมีการเปลี่ยนแปลงได้ตามเวลาและเงื่อนไขของโลตัส คุณลูกค้าสามารถตรวจสอบโปรโมชั่นพิเศษสำหรับสมาชิกใหม่ได้ทางแอป My Lotus's หรือเว็บไซต์โลตัสค่ะ
หากมีคำถามเพิ่มเติม สามารถสอบถามน้องบัวได้เลยนะคะ ขอบคุณที่ใช้บริการค่ะ",,,,"สำหรับสมาชิกใหม่ มีโปรโมชั่นพิเศษมากมาย เช่น ส่วนลดพิเศษ การสะสมโลตัสคอยน์ และดีลพิเศษอื่น ๆ ค่ะ แต่โปรโมชั่นอาจมีการเปลี่ยนแปลงได้ตามเวลาและเงื่อนไขของโลตัส คุณลูกค้าสามารถตรวจสอบโปรโมชั่นพิเศษสำหรับสมาชิกใหม่ได้ทางแอป My Lotus's หรือเว็บไซต์โลตัสค่ะ
หากมีคำถามเพิ่มเติม สามารถสอบถามน้องบัวได้เลยนะคะ ขอบคุณที่ใช้บริการค่ะ",,,,My Lotus's
117,doc_id_th_117,doc_id_en_117,สั่งซื้อสินค้าผ่านช้อปออนไลน์ บนแอปมายโลตัสได้รับสินค้าหมดอายุค่ะ ,"ขออภัยค่ะ หากท่านพบปัญหาคุณภาพสินค้า สามารถติดต่อส่วนงานบริการลูกค้าผ่านช่องทางดังนี้ค่ะ

Inbox: FB Lotus's Shop Online 
E-mail: shoponline@lotuss.com 
โทร: 1430 กด 2 
เว็บไซต์: https://corporate.lotuss.com/contact-us/ ",,,,"ขออภัยค่ะ หากท่านพบปัญหาคุณภาพสินค้า สามารถติดต่อส่วนงานบริการลูกค้าผ่านช่องทางดังนี้ค่ะ

Inbox: FB Lotus's Shop Online 
E-mail: shoponline@lotuss.com 
โทร: 1430 กด 2 
เว็บไซต์: https://corporate.lotuss.com/contact-us/ ",,,,My Lotus's
118,doc_id_th_118,doc_id_en_118,สอบถามค่ะ หากซื้อสินค้า 500 บาท จะได้รับกี่คอยน์คะ,สำหรับการซื้อสินค้าที่ร่วมรายการครบ 50 บาท จะได้รับ 0.5% เป็นโลตัสคอยน์ ดังนั้นหากคุณซื้อสินค้า 500 บาท คุณจะได้รับ 500 x 0.5% = 2.5 โลตัสคอยน์ค่ะ,,,,สำหรับการซื้อสินค้าที่ร่วมรายการครบ 50 บาท จะได้รับ 0.5% เป็นโลตัสคอยน์ ดังนั้นหากคุณซื้อสินค้า 500 บาท คุณจะได้รับ 500 x 0.5% = 2.5 โลตัสคอยน์ค่ะ,,,,My Lotus's
119,doc_id_th_119,doc_id_en_119, คอยน์ที่ได้รับจากการชำระผ่านทรูมันนี่ ต่อเดือนจะได้รับกี่คอยน์คะ,ท่านสามารถสะสมคอยน์จากการชำระผ่านทรูมันนี่ได้สูงสุด 50 คอยน์ต่อเดือนค่ะ,,,,ท่านสามารถสะสมคอยน์จากการชำระผ่านทรูมันนี่ได้สูงสุด 50 คอยน์ต่อเดือนค่ะ,,,,My Lotus's
120,doc_id_th_120,doc_id_en_120,หากต้องการซื้อบัตรกิ๊ฟการ์ด สามารถซื้อที่ช่องทางใดคะ,ดังนั้น หากคุณซื้อสินค้า 500 บาท คุณจะได้รับ 500 x 0.5% = 2.5 โลตัสคอยน์ค่ะ,,,,ดังนั้น หากคุณซื้อสินค้า 500 บาท คุณจะได้รับ 500 x 0.5% = 2.5 โลตัสคอยน์ค่ะ,,,,My Lotus's
121,doc_id_th_121,doc_id_en_121,คอยน์สามารถนำไปทำอะไรได้บ้างคะ,"คุณลูกค้าสามารถใช้คอยน์เป็นส่วนลดได้ที่โลตัสทุกสาขา หรือใช้คอยน์แลกเป็นส่วนลดกับร้านค้าต่างๆ ผ่านแอปพลิเคชัน Lotus's SMART App หรือใช้เป็นส่วนลดสำหรับการซื้อสินค้าออนไลน์ผ่าน Lotus's Shop Online (เว็บไซต์หรือแอป SMART App) ค่ะ แต่ไม่สามารถใช้เป็นส่วนลดในการสั่งซื้อสินค้าผ่าน shopee, lazada และ TikTok ได้ค่ะ หากมีคำถามเพิ่มเติม สามารถสอบถามน้องบัวได้เลยนะคะ ขอบคุณที่ใช้บริการค่ะ",,,,"คุณลูกค้าสามารถใช้คอยน์เป็นส่วนลดได้ที่โลตัสทุกสาขา หรือใช้คอยน์แลกเป็นส่วนลดกับร้านค้าต่างๆ ผ่านแอปพลิเคชัน Lotus's SMART App หรือใช้เป็นส่วนลดสำหรับการซื้อสินค้าออนไลน์ผ่าน Lotus's Shop Online (เว็บไซต์หรือแอป SMART App) ค่ะ แต่ไม่สามารถใช้เป็นส่วนลดในการสั่งซื้อสินค้าผ่าน shopee, lazada และ TikTok ได้ค่ะ หากมีคำถามเพิ่มเติม สามารถสอบถามน้องบัวได้เลยนะคะ ขอบคุณที่ใช้บริการค่ะ",,,,My Lotus's
122,doc_id_th_122,doc_id_en_122,ถ้าซื้อสินค้ามาผิดต้องการคืนสินค้า สามารถคืนที่ไหนได้บ้าง,"หากคุณลูกค้าต้องการเปลี่ยนหรือคืนสินค้าที่ซื้อจากสาขา กรุณานำใบเสร็จและสินค้าพร้อมของแถม (ถ้ามี)มาติดต่อที่สาขาที่ซื้อสินค้าภายในระยะเวลาที่กำหนดดังนี้

- ประเภทเครื่องใช้ไฟฟ้า สามารถเปลี่ยนคืนสินค้าได้ภายใน 7 วัน
- ประเภทอาหารสด สามารถเปลี่ยนคืนสินค้าได้ภายในวันที่ซื้อ
- ประเภทเสื้อผ้า สามารถเปลี่ยนคืนสินค้าได้ภายใน 30 วัน โดยสินค้าต้องไม่ผ่านการซักหรือใช้งาน (ยกเว้นชุดชั้นในและถุงเท้าจะไม่สามารถเปลี่ยนคืนได้)
- ประเภทอาหารแห้งสามารถเปลี่ยนคืนสินค้าได้ภายใน 30 วัน
- ประเภทของใช้ทั่วไป สามารถเปลี่ยนคืนสินค้าได้ภายใน 30 วัน

หรือถ้าซื้อสินค้าผ่านช่องทางออนไลน์ สามารถคืนสินค้าได้ทุกสาขาของโลตัสภายใน 7 วันนับตั้งแต่วันที่ได้รับสินค้า และสำหรับสินค้าอื่นๆ ที่ไม่สามารถคืนได้ภายใน 7 วัน เช่น สินค้าประเภทอาหารสด สามารถคืนได้ภายในวันถัดไปหลังจากวันที่ได้รับสินค้าเท่านั้น

หากมีคำถามเพิ่มเติม สามารถสอบถามน้องบัวได้เลยนะคะ ขอบคุณที่ใช้บริการค่ะ",,,,"หากคุณลูกค้าต้องการเปลี่ยนหรือคืนสินค้าที่ซื้อจากสาขา กรุณานำใบเสร็จและสินค้าพร้อมของแถม (ถ้ามี)มาติดต่อที่สาขาที่ซื้อสินค้าภายในระยะเวลาที่กำหนดดังนี้

- ประเภทเครื่องใช้ไฟฟ้า สามารถเปลี่ยนคืนสินค้าได้ภายใน 7 วัน
- ประเภทอาหารสด สามารถเปลี่ยนคืนสินค้าได้ภายในวันที่ซื้อ
- ประเภทเสื้อผ้า สามารถเปลี่ยนคืนสินค้าได้ภายใน 30 วัน โดยสินค้าต้องไม่ผ่านการซักหรือใช้งาน (ยกเว้นชุดชั้นในและถุงเท้าจะไม่สามารถเปลี่ยนคืนได้)
- ประเภทอาหารแห้งสามารถเปลี่ยนคืนสินค้าได้ภายใน 30 วัน
- ประเภทของใช้ทั่วไป สามารถเปลี่ยนคืนสินค้าได้ภายใน 30 วัน

หรือถ้าซื้อสินค้าผ่านช่องทางออนไลน์ สามารถคืนสินค้าได้ทุกสาขาของโลตัสภายใน 7 วันนับตั้งแต่วันที่ได้รับสินค้า และสำหรับสินค้าอื่นๆ ที่ไม่สามารถคืนได้ภายใน 7 วัน เช่น สินค้าประเภทอาหารสด สามารถคืนได้ภายในวันถัดไปหลังจากวันที่ได้รับสินค้าเท่านั้น

หากมีคำถามเพิ่มเติม สามารถสอบถามน้องบัวได้เลยนะคะ ขอบคุณที่ใช้บริการค่ะ",,,,My Lotus's
123,doc_id_th_123,doc_id_en_123,ถ้าสั่งซื้อสินค้าออนไลน์ มีขั้นต่ำในการสั่งซื้อหรือไม่,สั่งซื้อสินค้าออนไลน์ ไม่มีขั้นต่ำในการสั่งซื้อค่ะ  ,,,,สั่งซื้อสินค้าออนไลน์ ไม่มีขั้นต่ำในการสั่งซื้อค่ะ  ,,,,My Lotus's
124,doc_id_th_124,doc_id_en_124,ต้องการสั่งซื้อสินค้าโดยไม่ต้องไปที่สาขา มีบริการส่งที่บ้านไหมคะ,"ท่านสามารถเลือกวิธีการจัดส่งได้ดังนี้ค่ะ

1.จัดส่งภายในวัน Sameday Delivery (ส่งทันที 1 ชม.จากสาขาเล็กหรือส่งทันที 3 ชม.จากสาขาใหญ่ ) 

2.จัดส่งวันถัดไปจากสาขาใหญ่ Next day Delivery เลือกรอบจัดส่งได้ดังนี้  🚚
10:00-14:00 
14:00-18:00
18:00-21:00

ซึ่งรอบจัดส่งดังกล่าว ขึ้นอยู่กับพื้นที่ให้บริการของแต่ละสาขาค่ะ
สำหรับคำสั่งซื้อสินค้าประเภทจัดส่งวันถัดไป (Next Day Delivery) ท่านต้องกดสั่งซื้อและชำระเงินให้เสร็จสิ้นก่อนเวลา 23:59 น. เพื่อให้ระบบสามารถบันทึกข้อมูลและดำเนินการจัดส่งในวันถัดไป หากเลยเวลาที่กำหนด คำสั่งซื้อจะถูกจัดส่งในวันถัดจากวันชำระเงินสำเร็จ (T+1)   📅

เพื่อความเป็นส่วนตัว พนักงานจะจัดส่งเฉพาะบริเวณหน้าบ้าน, ล็อบบี้ใต้ตึกสำนักงาน, อพาร์ทเมนท์ หรือคอนโดมิเนียมเท่านั้น หากเกิดเหตุสุดวิสัย เช่น ภัยธรรมชาติ, อุบัติเหตุ หรือเหตุการณ์อื่น ๆ ที่อยู่นอกเหนือการควบคุมของบริษัท บริษัทขอสงวนสิทธิ์ในการยกเลิกคำสั่งซื้อ, ยกเลิกการจัดส่ง, หรือดำเนินการอื่น ๆ ตามที่บริษัทเห็นสมควรค่ะ ⚠️",,,,"ท่านสามารถเลือกวิธีการจัดส่งได้ดังนี้ค่ะ

1.จัดส่งภายในวัน Sameday Delivery (ส่งทันที 1 ชม.จากสาขาเล็กหรือส่งทันที 3 ชม.จากสาขาใหญ่ ) 

2.จัดส่งวันถัดไปจากสาขาใหญ่ Next day Delivery เลือกรอบจัดส่งได้ดังนี้  🚚
10:00-14:00 
14:00-18:00
18:00-21:00

ซึ่งรอบจัดส่งดังกล่าว ขึ้นอยู่กับพื้นที่ให้บริการของแต่ละสาขาค่ะ
สำหรับคำสั่งซื้อสินค้าประเภทจัดส่งวันถัดไป (Next Day Delivery) ท่านต้องกดสั่งซื้อและชำระเงินให้เสร็จสิ้นก่อนเวลา 23:59 น. เพื่อให้ระบบสามารถบันทึกข้อมูลและดำเนินการจัดส่งในวันถัดไป หากเลยเวลาที่กำหนด คำสั่งซื้อจะถูกจัดส่งในวันถัดจากวันชำระเงินสำเร็จ (T+1)   📅

เพื่อความเป็นส่วนตัว พนักงานจะจัดส่งเฉพาะบริเวณหน้าบ้าน, ล็อบบี้ใต้ตึกสำนักงาน, อพาร์ทเมนท์ หรือคอนโดมิเนียมเท่านั้น หากเกิดเหตุสุดวิสัย เช่น ภัยธรรมชาติ, อุบัติเหตุ หรือเหตุการณ์อื่น ๆ ที่อยู่นอกเหนือการควบคุมของบริษัท บริษัทขอสงวนสิทธิ์ในการยกเลิกคำสั่งซื้อ, ยกเลิกการจัดส่ง, หรือดำเนินการอื่น ๆ ตามที่บริษัทเห็นสมควรค่ะ ⚠️",,,,My Lotus's
125,doc_id_th_125,doc_id_en_125,ไปซื้อสินค้าที่สาขาแต่ไม่ได้แจ้งหมายเลขสมาชิกสะสมคอยน์ สามารถสะสมคอยน์ย้อนหลังได้ไหมคะ,ท่านสามารถขอสะสมโลตัสคอยน์ย้อนหลังได้ หากลืมสะสมในวันที่ซื้อสินค้า โดยติดต่อศูนย์บริการลูกค้าโลตัส โทร 1430 กด 1 ตั้งแต่เวลา 9:00 – 23:00 น. ภายใน 90 วัน นับจากวันที่ทำการซื้อสินค้า และกรุณาเก็บใบเสร็จไว้ เพื่อใช้เป็นหลักฐานในการยืนยันการซื้อสินค้าค่ะ หากมีคำถามเพิ่มเติม สามารถสอบถามน้องบัวได้เลยนะคะ ขอบคุณที่ใช้บริการค่ะ,,,,ท่านสามารถขอสะสมโลตัสคอยน์ย้อนหลังได้ หากลืมสะสมในวันที่ซื้อสินค้า โดยติดต่อศูนย์บริการลูกค้าโลตัส โทร 1430 กด 1 ตั้งแต่เวลา 9:00 – 23:00 น. ภายใน 90 วัน นับจากวันที่ทำการซื้อสินค้า และกรุณาเก็บใบเสร็จไว้ เพื่อใช้เป็นหลักฐานในการยืนยันการซื้อสินค้าค่ะ หากมีคำถามเพิ่มเติม สามารถสอบถามน้องบัวได้เลยนะคะ ขอบคุณที่ใช้บริการค่ะ,,,,My Lotus's
126,doc_id_th_126,doc_id_en_126,สอบถามโปรโมชั่นจ่ายผ่านทรู รับคอยน์ X3 ยังมีโปรโมชั่นอยู่ไหมค่ะ,ขออภัยค่ะ ไม่มีข้อมูลเกี่ยวกับโปรโมชั่นจ่ายผ่านทรู รับคอยน์ X3 ในเอกสารที่มีให้ กรุณาสอบถามเพิ่มเติมที่ 1430 ทุกวันตั้งแต่เวลา 9:00 น. ถึง 23:00 น. หากมีคำถามเพิ่มเติม สามารถสอบถามน้องบัวได้เลยนะคะ ขอบคุณที่ใช้บริการค่ะ,,,,ขออภัยค่ะ ไม่มีข้อมูลเกี่ยวกับโปรโมชั่นจ่ายผ่านทรู รับคอยน์ X3 ในเอกสารที่มีให้ กรุณาสอบถามเพิ่มเติมที่ 1430 ทุกวันตั้งแต่เวลา 9:00 น. ถึง 23:00 น. หากมีคำถามเพิ่มเติม สามารถสอบถามน้องบัวได้เลยนะคะ ขอบคุณที่ใช้บริการค่ะ,,,,My Lotus's
127,doc_id_th_127,doc_id_en_127,สอบถามเบอร์โทรโลตัส สาขาบางกรวย-ไทรน้อยค่ะ,"โลตัส สาขาใหญ่ บางกรวย-ไทรน้อย มีเบอร์โทรศัพท์ 02-194-1425 ค่ะ
หากมีคำถามเพิ่มเติม สามารถสอบถามน้องบัวได้เลยนะคะ ขอบคุณที่ใช้บริการค่ะ",,,,"โลตัส สาขาใหญ่ บางกรวย-ไทรน้อย มีเบอร์โทรศัพท์ 02-194-1425 ค่ะ
หากมีคำถามเพิ่มเติม สามารถสอบถามน้องบัวได้เลยนะคะ ขอบคุณที่ใช้บริการค่ะ",,,,My Lotus's
128,doc_id_th_128,doc_id_en_128,คอยน์โลตัสนำไปทำอะไรได้บ้าง,โลตัสคอยน์สามารถนำไปใช้แทนเงินสดเพื่อรับส่วนลดในการซื้อสินค้าที่ร่วมรายการที่โลตัสทุกสาขา หรือ โลตัสช้อปออนไลน์ นอกจากนี้ คุณลูกค้ายังสามารถใช้โลตัสคอยน์แลกสิทธิพิเศษ เช่น พริวิเลจดีล คูปองส่วนลด คูปองเงินสด และข้อเสนอจากพาร์ทเนอร์ต่าง ๆ ผ่าน โลตัส สมาร์ท แอป ค่ะ หากมีคำถามเพิ่มเติม สามารถสอบถามน้องบัวได้เลยนะคะ ขอบคุณที่ใช้บริการค่ะ,,,,โลตัสคอยน์สามารถนำไปใช้แทนเงินสดเพื่อรับส่วนลดในการซื้อสินค้าที่ร่วมรายการที่โลตัสทุกสาขา หรือ โลตัสช้อปออนไลน์ นอกจากนี้ คุณลูกค้ายังสามารถใช้โลตัสคอยน์แลกสิทธิพิเศษ เช่น พริวิเลจดีล คูปองส่วนลด คูปองเงินสด และข้อเสนอจากพาร์ทเนอร์ต่าง ๆ ผ่าน โลตัส สมาร์ท แอป ค่ะ หากมีคำถามเพิ่มเติม สามารถสอบถามน้องบัวได้เลยนะคะ ขอบคุณที่ใช้บริการค่ะ,,,,My Lotus's
129,doc_id_th_129,doc_id_en_129,ต้องการยกเลิกสมาชิกมายโลตัส,ขออภัยค่ะ ไม่มีข้อมูลเกี่ยวกับการยกเลิกสมาชิกมายโลตัสในเอกสารที่มีอยู่ค่ะ กรุณาสอบถามเพิ่มเติมที่ 1430 ทุกวันตั้งแต่เวลา 9:00 น. ถึง 23:00 น. หากมีคำถามเพิ่มเติม สามารถสอบถามน้องบัวได้เลยนะคะ ขอบคุณที่ใช้บริการค่ะ,,,,ขออภัยค่ะ ไม่มีข้อมูลเกี่ยวกับการยกเลิกสมาชิกมายโลตัสในเอกสารที่มีอยู่ค่ะ กรุณาสอบถามเพิ่มเติมที่ 1430 ทุกวันตั้งแต่เวลา 9:00 น. ถึง 23:00 น. หากมีคำถามเพิ่มเติม สามารถสอบถามน้องบัวได้เลยนะคะ ขอบคุณที่ใช้บริการค่ะ,,,,My Lotus's
130,doc_id_th_130,doc_id_en_130,แอปมายโลตัสสามารถใส่รูปได้หรือไม่,ขออภัยค่ะ สำหรับแอปมายโลตัสยังไม่สามารถใส่รูปโปรไฟล์ได้ค่ะ,,,,ขออภัยค่ะ สำหรับแอปมายโลตัสยังไม่สามารถใส่รูปโปรไฟล์ได้ค่ะ,,,,My Lotus's
131,doc_id_th_131,doc_id_en_131,ใช้คูปองในแอปไม่ได้ต้องทำอย่างไรคะ,"หากคุณลูกค้าไม่สามารถใช้คูปองในแอป My Lotus's ได้ คุณสามารถทำตามขั้นตอนต่อไปนี้ค่ะ:
1. ตรวจสอบว่าคูปองยังไม่หมดอายุและยังคงอยู่ในแอป My Lotus's
2. ตรวจสอบว่าคุณลูกค้าได้เข้าสู่ระบบในแอป My Lotus's อย่างถูกต้อง
3. ลองปิดและเปิดแอป My Lotus's อีกครั้งเพื่อดูว่าปัญหาได้รับการแก้ไขหรือไม่
4. หากคุณลูกค้ายังคงไม่สามารถใช้คูปองได้ คุณสามารถติดต่อศูนย์บริการลูกค้าโลตัส โทร 1430 ตั้งแต่เวลา 9:00 23:00 น. เพื่อขอความช่วยเหลือเพิ่มเติมค่ะหากมีคำถามเพิ่มเติม สามารถสอบถามน้องบัวได้เลยนะคะ ขอบคุณที่ใช้บริการค่ะ",,,,"หากคุณลูกค้าไม่สามารถใช้คูปองในแอป My Lotus's ได้ คุณสามารถทำตามขั้นตอนต่อไปนี้ค่ะ:
1. ตรวจสอบว่าคูปองยังไม่หมดอายุและยังคงอยู่ในแอป My Lotus's
2. ตรวจสอบว่าคุณลูกค้าได้เข้าสู่ระบบในแอป My Lotus's อย่างถูกต้อง
3. ลองปิดและเปิดแอป My Lotus's อีกครั้งเพื่อดูว่าปัญหาได้รับการแก้ไขหรือไม่
4. หากคุณลูกค้ายังคงไม่สามารถใช้คูปองได้ คุณสามารถติดต่อศูนย์บริการลูกค้าโลตัส โทร 1430 ตั้งแต่เวลา 9:00 23:00 น. เพื่อขอความช่วยเหลือเพิ่มเติมค่ะหากมีคำถามเพิ่มเติม สามารถสอบถามน้องบัวได้เลยนะคะ ขอบคุณที่ใช้บริการค่ะ",,,,My Lotus's
132,doc_id_th_132,doc_id_en_132,บัตร Gift Card หากใช้วงเงินไม่หมดสามารถใช้อีกครั้งได้ไหม,"ใช่ค่ะ บัตร Gift Card  สามารถใช้ซ้ำได้ หากคุณลูกค้าใช้วงเงินไม่หมดในครั้งแรก โดยมีเงื่อนไขการใช้งานบัตรกิฟการ์ดดังนี้:
*   บัตรของขวัญใช้ชำระค่าสินค้าที่โลตัสได้ทุกสาขา ยกเว้นสินค้าประเภทสุรา บุหรี่และยาสูบ, ศูนย์อาหาร, บิลเพย์เมนท์, ค่าธรรมเนียม, บัตรเติมเงินทุกประเภท, บัตรของขวัญ, โลตัส ช้อปออนไลน์ และร้านค้าในบริเวณพื้นที่เช่าของโลตัส
*   บัตรของขวัญนี้ไม่สามารถแลกเปลี่ยน, คืนหรือทอนเป็นเงินสด, โอนหรือรวมมูลค่าระหว่างบัตร และไม่สามารถนำไปซื้อหรือเติมเงินให้บัตรของขวัญ โลตัส ใบอื่น
*   บัตรของขวัญสามารถใช้ร่วมกับการชำระค่าสินค้าด้วยเงินสด และ/หรือบัตรเครดิตได้
*   บริษัทฯ ขอสงวนสิทธิ์ในการรับ/คืนบัตรของขวัญ ยกเลิกบัตรของขวัญ รวมถึงไม่ชดเชยความเสียหายกรณีที่บัตรชำรุด หรือมีการเปลี่ยนแปลงที่เกิดขึ้นกับบัตร หรือบัตรสูญหาย
*   บริษัทฯ ขอสงวนสิทธิ์ในการเปลี่ยนแปลงเงื่อนไขโดยไม่ต้องแจ้งให้ทราบล่วงหน้าค่ะ

หากมีคำถามเพิ่มเติม สามารถสอบถามน้องบัวได้เลยนะคะ ขอบคุณที่ใช้บริการค่ะ",,,,"ใช่ค่ะ บัตร Gift Card  สามารถใช้ซ้ำได้ หากคุณลูกค้าใช้วงเงินไม่หมดในครั้งแรก โดยมีเงื่อนไขการใช้งานบัตรกิฟการ์ดดังนี้:
*   บัตรของขวัญใช้ชำระค่าสินค้าที่โลตัสได้ทุกสาขา ยกเว้นสินค้าประเภทสุรา บุหรี่และยาสูบ, ศูนย์อาหาร, บิลเพย์เมนท์, ค่าธรรมเนียม, บัตรเติมเงินทุกประเภท, บัตรของขวัญ, โลตัส ช้อปออนไลน์ และร้านค้าในบริเวณพื้นที่เช่าของโลตัส
*   บัตรของขวัญนี้ไม่สามารถแลกเปลี่ยน, คืนหรือทอนเป็นเงินสด, โอนหรือรวมมูลค่าระหว่างบัตร และไม่สามารถนำไปซื้อหรือเติมเงินให้บัตรของขวัญ โลตัส ใบอื่น
*   บัตรของขวัญสามารถใช้ร่วมกับการชำระค่าสินค้าด้วยเงินสด และ/หรือบัตรเครดิตได้
*   บริษัทฯ ขอสงวนสิทธิ์ในการรับ/คืนบัตรของขวัญ ยกเลิกบัตรของขวัญ รวมถึงไม่ชดเชยความเสียหายกรณีที่บัตรชำรุด หรือมีการเปลี่ยนแปลงที่เกิดขึ้นกับบัตร หรือบัตรสูญหาย
*   บริษัทฯ ขอสงวนสิทธิ์ในการเปลี่ยนแปลงเงื่อนไขโดยไม่ต้องแจ้งให้ทราบล่วงหน้าค่ะ

หากมีคำถามเพิ่มเติม สามารถสอบถามน้องบัวได้เลยนะคะ ขอบคุณที่ใช้บริการค่ะ",,,,My Lotus's
133,doc_id_th_133,doc_id_en_133,หากลืมกดภารกิจช้อปสุดมันส์แล้วแจ้งสะสมสมาชิกสามารถแอดภารกิจย้อนหลังให้ได้ไหม,"กรุณาสอบถามเพิ่มเติมที่ 1430 ทุกวันตั้งแต่เวลา 9:00 น. ถึง 23:00 น.
หากมีคำถามเพิ่มเติม สามารถสอบถามน้องบัวได้เลยนะคะ ขอบคุณที่ใช้บริการค่ะ",,,,"กรุณาสอบถามเพิ่มเติมที่ 1430 ทุกวันตั้งแต่เวลา 9:00 น. ถึง 23:00 น.
หากมีคำถามเพิ่มเติม สามารถสอบถามน้องบัวได้เลยนะคะ ขอบคุณที่ใช้บริการค่ะ",,,,My Lotus's
134,doc_id_th_134,doc_id_en_134,ซื้อสินค้าที่สาขาได้รับสินค้าเสียหายสามารถติดต่อที่ช่องทางไหนได้บ้าง,"หากคุณลูกค้าซื้อสินค้าที่สาขาโลตัสและได้รับสินค้าเสียหาย คุณสามารถติดต่อที่ช่องทางดังนี้ค่ะ:

1.  ติดต่อที่สาขาที่ซื้อสินค้า
2.  โทรศัพท์: 1430
3.  อีเมล: customer-service@lotuss.com
4.  Inbox FB Lotus's Official
5.  เว็บไซต์: https://corporate.lotuss.com/contact-us/

ทีมงานพร้อมให้คำปรึกษาสินค้าที่เสียหาย และช่วยเหลือในการแก้ปัญหาให้กับคุณลูกค้า หากมีคำถามเพิ่มเติม สามารถสอบถามน้องบัวได้เลยนะคะ ขอบคุณที่ใช้บริการค่ะ",,,,"หากคุณลูกค้าซื้อสินค้าที่สาขาโลตัสและได้รับสินค้าเสียหาย คุณสามารถติดต่อที่ช่องทางดังนี้ค่ะ:

1.  ติดต่อที่สาขาที่ซื้อสินค้า
2.  โทรศัพท์: 1430
3.  อีเมล: customer-service@lotuss.com
4.  Inbox FB Lotus's Official
5.  เว็บไซต์: https://corporate.lotuss.com/contact-us/

ทีมงานพร้อมให้คำปรึกษาสินค้าที่เสียหาย และช่วยเหลือในการแก้ปัญหาให้กับคุณลูกค้า หากมีคำถามเพิ่มเติม สามารถสอบถามน้องบัวได้เลยนะคะ ขอบคุณที่ใช้บริการค่ะ",,,,My Lotus's
135,doc_id_th_135,doc_id_en_135,ไม่สามารถแจ้งสะสมคอยน์โลตัสได้ค่ะ,"หากคุณลูกค้าไม่สามารถแจ้งสะสมคอยน์โลตัสได้ คุณสามารถติดต่อศูนย์บริการลูกค้าโลตัส โทร 1430 กด 1 ตั้งแต่เวลา 9:00 – 23:00 น. ค่ะเพื่อขอความช่วยเหลือเพิ่มเติมค่ะ

หากมีคำถามเพิ่มเติม สามารถสอบถามน้องบัวได้เลยนะคะ ขอบคุณที่ใช้บริการค่ะ",,,,"หากคุณลูกค้าไม่สามารถแจ้งสะสมคอยน์โลตัสได้ คุณสามารถติดต่อศูนย์บริการลูกค้าโลตัส โทร 1430 กด 1 ตั้งแต่เวลา 9:00 – 23:00 น. ค่ะเพื่อขอความช่วยเหลือเพิ่มเติมค่ะ

หากมีคำถามเพิ่มเติม สามารถสอบถามน้องบัวได้เลยนะคะ ขอบคุณที่ใช้บริการค่ะ",,,,My Lotus's
136,doc_id_th_136,doc_id_en_136,สมัครสมาชิกมายโลตัสยังไง,,,,,"คุณลูกค้าสามารถสมัครสมาชิกได้ 2 ช่องทางค่ะ:
ออนไลน์: ผ่าน Lotus's SMART App หรือเว็บไซต์ mylotussregister.lotuss.com
ที่สาขา: สมัครผ่านแคชเชียร์ด้วยบัตรประชาชนและเบอร์โทรศัพท์ค่ะ
หากมีคำถามเพิ่มเติม สามารถสอบถามน้องบัวได้เลยนะคะ ขอบคุณที่ใช้บริการค่ะ",,,,Lotus’s Shop Online
137,doc_id_th_137,doc_id_en_137,สั่งช้อปออนไลน์ได้ทางไหน,,,,,ท่านสามารถสั่งช้อปออนไลน์ได้ทาง Lotus's SMART App หรือเว็บไซต์ www.lotuss.com สามารถศึกษาวิธีการใช้งานได้ง่าย ๆ ที่ลิงก์นี้ค่ะ: https://www.lotuss.com/th/how-to-shop 📖,,,,Lotus’s Shop Online
138,doc_id_th_138,doc_id_en_138,ชำระเงินค่าสินค้าได้วิธีไหน,,,,,"คุณลูกค้าสามารถเลือกวิธีการชำระเงินสำหรับการช้อปออนไลน์ได้ดังนี้ค่ะ:
ชำระด้วยบัตรเครดิต/True Money We Card: ในขั้นตอนการสั่งซื้อจะเป็นเพียงการจองวงเงินในบัตรเครดิตเท่านั้น มิได้มีการตัดเงินทันที ระบบจะตัดยอดจริงในวันที่รับสินค้า
ชำระด้วยบัตรเดบิต: ระบบจะทำการตัดเงินทันทีในวันที่สั่งซื้อ
ชำระด้วย True Money Online: ระบบจะตัดเงินตามยอดที่สั่งซื้อในวันที่สั่งซื้อ
ชำระเงินปลายทาง: สามารถเลือกชำระด้วยเงินสดหรือทรูมันนี่ วอลเล็ทค่ะ
หากมีคำถามเพิ่มเติม สามารถสอบถามน้องบัวได้เลยนะคะ ขอบคุณที่ใช้บริการค่ะ
",,,,Lotus’s Shop Online
139,doc_id_th_139,doc_id_en_139,ได้รับของไม่ครบทำอย่างไร,,,,,"ขออภัยค่ะ หากท่านพบปัญหาได้รับสินค้าไม่ครบ สามารถติดต่อส่วนงานบริการลูกค้าผ่านช่องทางดังนี้ค่ะ

Inbox: FB Lotus's Shop Online 
E-mail: shoponline@lotuss.com 
โทร: 1430 กด 2 
เว็บไซต์: https://corporate.lotuss.com/contact-us/ ",,,,Lotus’s Shop Online
140,doc_id_th_140,doc_id_en_140,มีเครื่องใช้ไฟฟ้าจำหน่ายไหม,,,,,"ท่านสามารถเลือกซื้อสินค้าได้ที่ Lotus's Shop Online ได้ที่ Link : https://www.lotuss.com/th/smartx?sort=relevance:DESC หรือโลตัสสาขาที่มีจำหน่ายเครื่องใช้ไฟฟ้าค่ะ 
",,,,Lotus’s Shop Online
141,doc_id_th_141,doc_id_en_141,เลือกขนส่งเองได้ไหมคะ,,,,,"ทางโลตัสเป็นผู้เลือกขนส่ง เพื่อให้ลูกค้าได้รับบริการอย่างดีที่สุดค่ะ 

ท่านสามารถเลือกวิธีการจัดส่งได้ดังนี้ค่ะ
จัดส่งภายในวัน (Sameday Delivery) ส่งทันที 1 ชม.จากสาขาเล็กหรือส่งทันที 3 ชม.จากสาขาใหญ่
จัดส่งวันถัดไป (Next Day Delivery) สามารถเลือกรอบจัดส่งได้ 3 รอบค่ะ
10:00-14:00 น.
14:00-18:00 น.
18:00-21:00 น.
ซึ่งรอบจัดส่งข้างต้นขึ้นอยู่กับพื้นที่ให้บริการของแต่ละสาขาค่ะ

",,,,Lotus’s Shop Online
142,doc_id_th_142,doc_id_en_142,ได้รับสินค้าไม่ครบทำยังไง,,,,,"ขออภัยค่ะ หากท่านพบปัญหาได้รับสินค้าไม่ครบ สามารถติดต่อส่วนงานบริการลูกค้าผ่านช่องทางดังนี้ค่ะ

Inbox: FB Lotus's Shop Online 
E-mail: shoponline@lotuss.com 
โทร: 1430 กด 2 
เว็บไซต์: https://corporate.lotuss.com/contact-us/ ",,,,Lotus’s Shop Online
143,doc_id_th_143,doc_id_en_143,ได้รับไข่ไก่เน่าเสีย,,,,,"ขออภัยค่ะ หากท่านพบปัญหาคุณภาพสินค้า สามารถติดต่อส่วนงานบริการลูกค้าผ่านช่องทางดังนี้ค่ะ

Inbox: FB Lotus's Shop Online 
E-mail: shoponline@lotuss.com 
โทร: 1430 กด 2 
เว็บไซต์: https://corporate.lotuss.com/contact-us/ 

กรณีต้องการคืนสินค้า สามารถดำเนินการได้ดังนี้ค่ะ 

1. สามารถคืนสินค้าได้ ณ จุดบริการได้ทุกสาขาภายใน 7 วันนับตั้งแต่วันที่ได้รับสินค้า
2. สำหรับกรณีสินค้าของสด รับคืนภายในวันถัดไปหลังจากวันที่ได้รับสินค้าเท่านั้น
3. การคืนสินค้าต้องแสดงเอกสารใบส่งสินค้าหรือใบสั่งซื้อด้วยทุกครั้ง
4. การคืนสินค้าต้องนำสินค้าที่ต้องการคืนมาด้วยทุกครั้ง ตามเงื่อนไขดังนี้
    4.1 กรณีคืนสินค้าบางชิ้นหรือบางรายการ - ให้ลูกค้านำสินค้ารายการที่ต้องการคืนสาขา (พร้อมของแถม) พร้อมเอกสารจากข้อ 3 โดยสินค้าต้องอยู่ในสภาพดีไม่ผ่านการใช้งาน
     4.2 กรณีคืนสินค้าทุกชิ้น - ให้ลูกค้านำสินค้าทุกรายการส่งคืนสาขา (พร้อมของแถม) พร้อมเอกสารจากข้อ 3 โดยสินค้าต้องอยู่ในสภาพดีไม่ผ่านการใช้งาน
5. การคืนเงินจะคืนเป็นเงินสดเท่านั้นค่ะ",,,,Lotus’s Shop Online
144,doc_id_th_144,doc_id_en_144,มีเตาแก๊สขายไหม,,,,,ท่านสามารถเลือกซื้อสินค้าได้ที่ Lotus's Shop Online ได้ที่ Link : https://www.lotuss.com/th/smartx?sort=relevance:DESC หรือโลตัสสาขาที่มีจำหน่ายค่ะ ,,,,Lotus’s Shop Online
145,doc_id_th_145,doc_id_en_145,ขอหมายเลขโทรศัพท์ โลตัส สาขา ลาดพร้าว,,,,,หมายเลขโทรศัพท์ของโลตัส สาขาใหญ่ ลาดพร้าว คือ 02-930-9444 ค่ะ หากมีคำถามเพิ่มเติม สามารถสอบถามน้องบัวได้เลยนะคะ ขอบคุณที่ใช้บริการค่ะ ,,,,Lotus’s Shop Online
146,doc_id_th_146,doc_id_en_146,ตามการจัดส่งล่าช้าเลยรอบเวลาค่ะ ,,,,,"ขออภัยค่ะ ถ้าท่านพบปัญหาเกี่ยวกับการจัดส่งล่าช้าจากรอบเวลาที่กำหนดในการสั่งซื้อ คุณสามารถติดต่อส่วนงานบริการลูกค้าผ่านช่องทางดังนี้ค่ะ

Inbox: FB Lotus's Shop Online 
E-mail: shoponline@lotuss.com 
โทร: 1430 กด 2 
เว็บไซต์: https://corporate.lotuss.com/contact-us/ ",,,,Lotus’s Shop Online
147,doc_id_th_147,doc_id_en_147,ตามใบกำกับภาษีไม่ได้รับทางอีเมลค่ะ ,,,,,"ใบกำกับภาษีจะถูกจัดส่งทางอีเมลภายใน 24 ชั่วโมง หลังจากสถานะการจัดส่งสำเร็จค่ะ 📧
หากกรอกข้อมูลในระบบแล้วแต่ยังไม่ได้รับใบกำกับภาษี ท่านสามารถตรวจสอบที่ Junk Mail หรือติดต่อส่วนงานบริการลูกค้าได้ตามช่องทางดังนี้ค่ะ:

โทรศัพท์ที่หมายเลข 1430 กด 2 ☎️
Inbox FB Lotus's Shop Online 💬
อีเมล: shoponline@lotuss.com 📧
เว็บไซต์: https://corporate.lotuss.com/contact-us/🌐",,,,Lotus’s Shop Online
148,doc_id_th_148,doc_id_en_148,เครื่องใช้ไฟฟ้าคืนเงินภายในกี่วันสถานะขึ้นเป็นจัดส่งสำเร็จค่ะ ,,,,,"สำหรับการสั่งเครื่องใช้ไฟฟ้าขนาดใหญ่ ผ่านมหกรรมเครื่องใช้ไฟฟ้าจะมีพนักงานติดต่อกลับเพื่อยืนยันคำสั่งซื้อภายใน 24 ชั่วโมง สินค้าจะถูกจัดส่งภายใน 7 วันทำการ หลังจากมีการยืนยันแล้ว สถานะในระบบจะเปลี่ยนเป็นจัดส่งสำเร็จ สินค้าจะถูกจัดส่งตามวันที่นัดหมายกับพนักงานหรือตามระยะเวลาจัดส่งของขนส่งค่ะ

การคืนเงินผ่านบัตรเครดิต/เดบิต บริษัทฯจะทำการคืนเงินไปที่บัตรเครดิต/เดบิต ภายใน 7-45 วัน ตามรอบบิลของแต่ละธนาคารค่ะ",,,,Lotus’s Shop Online
149,doc_id_th_149,doc_id_en_149,ทางเจ้าหน้าที่สาขาทำการหยิบสินค้าได้มีการตรวจสอบสินค้าหรือวันหมดอายุหรือไม่ค่ะ ,,,,,"เบื้องต้นทางสาขามีการตรวจสอบคุณภาพสินค้าก่อนจัดส่งค่ะ หากท่านพบปัญหาเรื่องคุณภาพสินค้า สามารถติดต่อส่วนงานบริการลูกค้าได้ตามช่องทางดังนี้ค่ะ:

โทรศัพท์ที่หมายเลข 1430 กด 2 ☎️
Inbox FB Lotus's Shop Online 💬
อีเมล: shoponline@lotuss.com 📧
เว็บไซต์: https://corporate.lotuss.com/contact-us/🌐",,,,Lotus’s Shop Online
150,doc_id_th_150,doc_id_en_150,ต้องการทราบสต๊อกสินค้าของทางออนไลน์ค่ะ ,,,,,คุณสามารถตรวจสอบได้โดยการเข้าไปที่ Lotus's SMART App หรือเว็บไซต์ www.lotuss.com และค้นหาสินค้าที่คุณสนใจ หากสินค้านั้นมีสต๊อกพร้อมจำหน่าย จะสามารถกดเลือกสินค้าลงรถเข็นได้ค่ะ,,,,Lotus’s Shop Online
151,doc_id_th_151,doc_id_en_151,ทางเจ้าหน้าที่จัดส่งมีการติดต่อหาลูกค้าก่อนส่งหรือไม่ค่ะ ,,,,,พนักงานจัดส่งจะมีการโทรติดต่อลูกค้าก่อนจัดส่งสินค้าค่ะ,,,,Lotus’s Shop Online
152,doc_id_th_152,doc_id_en_152,เครื่องใช้ไฟฟ้าจัดส่งภายในกี่วันค่ะ ,,,,,สำหรับการสั่งเครื่องใช้ไฟฟ้าขนาดใหญ่ ผ่านมหกรรมเครื่องใช้ไฟฟ้าจะมีพนักงานติดต่อกลับเพื่อยืนยันคำสั่งซื้อภายใน 24 ชั่วโมง สินค้าจะถูกจัดส่งภายใน 7 วันทำการค่ะ,,,,Lotus’s Shop Online
153,doc_id_th_153,doc_id_en_153,สอบถามช่องทางการชำระเงิน เเบบสั่งซื้ออออนไลน์ค่ะ ,,,,,"คุณลูกค้าสามารถเลือกวิธีการชำระเงินสำหรับการช้อปออนไลน์ได้ดังนี้ค่ะ

ชำระเงินด้วยบัตรเครดิต/True Money We Card: ในขั้นตอนการสั่งซื้อจะเป็นเพียงการจองวงเงินในบัตรเครดิตเท่านั้น มิได้มีการตัดเงินทันที ระบบจะตัดยอดจริงในวันที่รับสินค้า
ชำระเงินด้วยบัตรเดบิต: ระบบจะทำการตัดเงินทันทีในวันที่สั่งซื้อ
ชำระเงินด้วย True Money Online: ระบบจะตัดเงินตามยอดที่สั่งซื้อในวันที่สั่งซื้อ
ชำระเงินปลายทาง: สามารถเลือกชำระด้วยเงินสดหรือทรูมันนี่ วอลเล็ทค่ะ

หากมีคำถามเพิ่มเติม สามารถสอบถามน้องบัวได้เลยนะคะ ขอบคุณที่ใช้บริการค่ะ",,,,Lotus’s Shop Online
154,doc_id_th_154,doc_id_en_154,ติดตามสินค้าล่าช้าค่ะ ,,,,,"ขออภัยค่ะ ถ้าท่านพบปัญหาเกี่ยวกับการจัดส่งล่าช้าเกินรอบเวลาที่กำหนดในการสั่งซื้อ ท่านสามารถติดต่อส่วนงานบริการลูกค้าผ่านช่องทางดังนี้ค่ะ

Inbox: FB Lotus's Shop Online 
E-mail: shoponline@lotuss.com 
โทร: 1430 กด 2 
เว็บไซต์: https://corporate.lotuss.com/contact-us/ ",,,,Lotus’s Shop Online
155,doc_id_th_155,doc_id_en_155,ต้องการสั่งซื้อเครื่องใช้ไฟฟ้า ,,,,,ท่านสามารถสั่งซื้อเครื่องใช้ไฟฟ้าผ่านช่องทางออนไลน์ของเราได้ โดยเข้าไปที่เว็บไซต์ หรือแอปพลิเคชันของ Lotus's Shop Online เลือกเมนูมหกรรมเครื่องใช้ไฟฟ้าค่ะ ท่านสามารถศึกษาวิธีการใช้งานได้ง่าย ๆ ที่ลิงก์นี้ค่ะ:https://www.lotuss.com/th/electronic-expo-how-to-shop,,,,Lotus’s Shop Online
156,doc_id_th_156,doc_id_en_156,สั่งซื้อสินค้าไม่ได้รับหมายเลขคำสั่งซื้อ ต้องการเงินคืน ,,,,,"หากท่านสั่งซื้อสินค้าแล้วไม่ได้รับหมายเลขคำสั่งซื้อ ท่านสามารถติดต่อส่วนงานบริการลูกค้าผ่านช่องทางดังนี้ค่ะ

Inbox: FB Lotus's Shop Online 
E-mail: shoponline@lotuss.com 
โทร: 1430 กด 2 
เว็บไซต์: https://corporate.lotuss.com/contact-us/ ",,,,Lotus’s Shop Online
157,doc_id_th_157,doc_id_en_157,ต้องการยกเลิกออเดอร์ค่ะ ,,,,,"หากคุณลูกค้าต้องการยกเลิกคำสั่งซื้อ สามารถดำเนินการได้ดังนี้ค่ะ:

กรณีสั่งซื้อสินค้าเลือกจัดส่งวันถัดไป (Nextday): คุณลูกค้าสามารถกดยกเลิกด้วยตนเองผ่านระบบภายในเวลา 23:59 น. ของวันที่สั่งซื้อ

กรณีสั่งซื้อสินค้าเลือกจัดส่งภายในวัน ส่งทันที 1 ชม.หรือ ส่งทันที 3 ชม.(Sameday): กรณีส่งทันที 1 ชั่วโมงหรือ 3 ชั่วโมง คุณลูกค้า ไม่สามารถกดยกเลิกในระบบได้เอง แต่สามารถติดต่อส่วนงานบริการลูกค้าได้ตามช่องทางนี้ค่ะ:

โทรศัพท์ 1430 กด 2
Inbox FB Lotus's Shop Online
อีเมล: shoponline@lotuss.com

หากมีคำถามเพิ่มเติม สามารถสอบถามน้องบัวได้เลยนะคะ ขอบคุณที่ใช้บริการค่ะ",,,,Lotus’s Shop Online
158,doc_id_th_158,doc_id_en_158,สินค้าเครื่องใช้ไฟฟ้า หากยกเลิกออเดอร์ สถานะ Complete คืนเงินภายในกี่วันคะ,,,,,การคืนเงินผ่านบัตรเครดิต/เดบิต บริษัทฯจะทำการคืนเงินไปที่บัตรเครดิต/เดบิต ภายใน 7-45 วันตามรอบบิลของแต่ละธนาคาร นับจากวันที่คำสั่งซื้อถูกยกเลิกในระบบค่ะ ,,,,Lotus’s Shop Online
159,doc_id_th_159,doc_id_en_159,ได้รับสินค้าไม่ครบ ต้องการสินค้า,,,,,"ขออภัยค่ะ หากท่านได้รับสินค้าไม่ครบ สามารถติดต่อส่วนงานบริการลูกค้าผ่านช่องทางดังนี้ค่ะ

Inbox: FB Lotus's Shop Online 
E-mail: shoponline@lotuss.com 
โทร: 1430 กด 2 
เว็บไซต์: https://corporate.lotuss.com/contact-us/ ",,,,Lotus’s Shop Online
160,doc_id_th_160,doc_id_en_160,ได้รับสินค้าไม่ครบ ต้องการเงินคืน ,,,,,"ขออภัยค่ะ หากท่านได้รับสินค้าไม่ครบ สามารถติดต่อส่วนงานบริการลูกค้าผ่านช่องทางดังนี้ค่ะ

Inbox: FB Lotus's Shop Online 
E-mail: shoponline@lotuss.com 
โทร: 1430 กด 2 
เว็บไซต์: https://corporate.lotuss.com/contact-us/ ",,,,Lotus’s Shop Online
161,doc_id_th_161,doc_id_en_161,สั่งสินค้าออนไลน์ สามารถโอนเงินชำระกับทางเจ้าหน้าที่ได้มั้ยคะ ,,,,,"ท่านสามารถเลือกวิธีการชำระเงินสำหรับการช้อปออนไลน์ได้ดังนี้ค่ะ

ชำระเงินด้วยบัตรเครดิต/True Money We Card: ในขั้นตอนการสั่งซื้อจะเป็นเพียงการจองวงเงินในบัตรเครดิตเท่านั้น มิได้มีการตัดเงินทันที ระบบจะตัดยอดจริงในวันที่รับสินค้า
ชำระเงินด้วยบัตรเดบิต: ระบบจะทำการตัดเงินทันทีในวันที่สั่งซื้อ
ชำระเงินด้วย True Money Online: ระบบจะตัดเงินตามยอดที่สั่งซื้อในวันที่สั่งซื้อ
ชำระเงินปลายทาง: สามารถเลือกชำระด้วยเงินสดหรือทรูมันนี่ วอลเล็ทค่ะ

",,,,Lotus’s Shop Online
162,doc_id_th_162,doc_id_en_162,ยังไม่ได้รับสินค้า กรุณาตามคนส่งสินค้า ให้ด้วยครับ ,,,,,"ขออภัยค่ะ ถ้าท่านพบปัญหาเกี่ยวกับการจัดส่งล่าช้าเกินรอบเวลาที่กำหนดในการสั่งซื้อ คุณสามารถติดต่อส่วนงานบริการลูกค้าผ่านช่องทางดังนี้ค่ะ

Inbox: FB Lotus's Shop Online 
E-mail: shoponline@lotuss.com 
โทร: 1430 กด 2 
เว็บไซต์: https://corporate.lotuss.com/contact-us/ ",,,,Lotus’s Shop Online
163,doc_id_th_163,doc_id_en_163,ขอเบอร์ โลตัส เเจ้งวัฒนะ,,,,,"เบอร์โทรศัพท์ของโลตัส สาขาใหญ่ แจ้งวัฒนะ คือ 02-990-7555 ค่ะ
หากมีคำถามเพิ่มเติม สามารถสอบถามน้องบัวได้เลยนะคะ ขอบคุณที่ใช้บริการค่ะ",,,,Lotus’s Shop Online
164,doc_id_th_164,doc_id_en_164,ต้องการเปลี่ยนเบอร์โทร ตอนส่งของ ,,,,,ขออภัยค่ะ ท่านไม่สามารถเปลี่ยนเบอร์โทรศัพท์ในการจัดส่งสินค้าได้ค่ะ,,,,Lotus’s Shop Online
165,doc_id_th_165,doc_id_en_165,สอบถามขั้นตอนชำระเงินค่ะ,,,,,"ท่านสามารถเลือกวิธีการชำระเงินสำหรับการช้อปออนไลน์ได้ดังนี้ค่ะ

ชำระเงินด้วยบัตรเครดิต/True Money We Card: ในขั้นตอนการสั่งซื้อจะเป็นเพียงการจองวงเงินในบัตรเครดิตเท่านั้น มิได้มีการตัดเงินทันที ระบบจะตัดยอดจริงในวันที่รับสินค้า
ชำระเงินด้วยบัตรเดบิต: ระบบจะทำการตัดเงินทันทีในวันที่สั่งซื้อ
ชำระเงินด้วย True Money Online: ระบบจะตัดเงินตามยอดที่สั่งซื้อในวันที่สั่งซื้อ
ชำระเงินปลายทาง: สามารถเลือกชำระด้วยเงินสดหรือทรูมันนี่ วอลเล็ทค่ะ",,,,Lotus’s Shop Online
166,doc_id_th_166,doc_id_en_166,ได้รับสินค้าเน่าค่ะ ,,,,,"ขออภัยค่ะ หากท่านพบปัญหาคุณภาพสินค้า สามารถติดต่อส่วนงานบริการลูกค้าผ่านช่องทางดังนี้ค่ะ

Inbox: FB Lotus's Shop Online 
E-mail: shoponline@lotuss.com 
โทร: 1430 กด 2 
เว็บไซต์: https://corporate.lotuss.com/contact-us/ 

กรณีต้องการคืนสินค้า สามารถดำเนินการได้ดังนี้ค่ะ 

1. สามารถคืนสินค้าได้ ณ จุดบริการได้ทุกสาขาภายใน 7 วันนับตั้งแต่วันที่ได้รับสินค้า
2. สำหรับกรณีสินค้าของสด รับคืนภายในวันถัดไปหลังจากวันที่ได้รับสินค้าเท่านั้น
3. การคืนสินค้าต้องแสดงเอกสารใบส่งสินค้าหรือใบสั่งซื้อด้วยทุกครั้ง
4. การคืนสินค้าต้องนำสินค้าที่ต้องการคืนมาด้วยทุกครั้ง ตามเงื่อนไขดังนี้
    4.1 กรณีคืนสินค้าบางชิ้นหรือบางรายการ - ให้ลูกค้านำสินค้ารายการที่ต้องการคืนสาขา (พร้อมของแถม) พร้อมเอกสารจากข้อ 3 โดยสินค้าต้องอยู่ในสภาพดีไม่ผ่านการใช้งาน
     4.2 กรณีคืนสินค้าทุกชิ้น - ให้ลูกค้านำสินค้าทุกรายการส่งคืนสาขา (พร้อมของแถม) พร้อมเอกสารจากข้อ 3 โดยสินค้าต้องอยู่ในสภาพดีไม่ผ่านการใช้งาน
5. การคืนเงินจะคืนเป็นเงินสดเท่านั้นค่ะ",,,,Lotus’s Shop Online
167,doc_id_th_167,doc_id_en_167,ขอยกเลิกออเดอร์ ไม่สะดวกรอสินค้าล่าช้า ,,,,,"หากคุณลูกค้าต้องการยกเลิกคำสั่งซื้อ สามารถดำเนินการได้ดังนี้ค่ะ:

กรณีสั่งซื้อสินค้าเลือกจัดส่งวันถัดไป (Nextday): คุณลูกค้าสามารถกดยกเลิกด้วยตนเองผ่านระบบภายในเวลา 23:59 น. ของวันที่สั่งซื้อ

กรณีสั่งซื้อสินค้าเลือกจัดส่งภายในวัน ส่งทันที 1 ชม.หรือ ส่งทันที 3 ชม.(Sameday): กรณีส่งทันที 1 ชั่วโมงหรือ 3 ชั่วโมง คุณลูกค้า ไม่สามารถกดยกเลิกในระบบได้เอง แต่สามารถติดต่อส่วนงานบริการลูกค้าได้ตามช่องทางนี้ค่ะ:
โทรศัพท์ 1430 กด 2
Inbox FB Lotus's Shop Online
อีเมล: shoponline@lotuss.com

หากมีคำถามเพิ่มเติม สามารถสอบถามน้องบัวได้เลยนะคะ ขอบคุณที่ใช้บริการค่ะ",,,,Lotus’s Shop Online
168,doc_id_th_168,doc_id_en_168,มีค่าบริการจัดส่งมั้ยค่ะ ,,,,,"สำหรับค่าบริการการจัดส่ง มีรายละเอียดดังนี้ค่ะ
1. จัดส่งภายในวัน (Sameday Delivery) ส่งทันที 1 ชม.จากสาขาเล็กหรือส่งทันที 3 ชม.จากสาขาใหญ่ จัดส่งฟรี
2. จัดส่งวันถัดไป (Next Day Delivery) สามารถเลือกรอบจัดส่งได้ 3 รอบค่ะ
- 10:00-14:00 น. มีค่าบริการจัดส่ง 10 บาท หากยอดสั่งซื้อสินค้ามากกว่าหรือเท่ากับ 599 บาทจัดส่งฟรี
- 14:00-18:00 น. จัดส่งฟรี
- 18:00-21:00 น. จัดส่งฟรี
ซึ่งรอบจัดส่งข้างต้นขึ้นอยู่กับพื้นที่ให้บริการของแต่ละสาขาค่ะ",,,,Lotus’s Shop Online
169,doc_id_th_169,doc_id_en_169,งไม่ได้รับสินค้าแตต่สถานะขึ้นเป็น COMPLETE ทำอย่างไรได้บ้างค่ะ ,,,,,"ขออภัยค่ะ หากท่านยังไม่ได้รับสินค้า แต่แสดงสถานะ ""COMPLETE"" สามารถติดต่อส่วนงานบริการลูกค้าผ่านช่องทางดังนี้ค่ะ

Inbox: FB Lotus's Shop Online 
E-mail: shoponline@lotuss.com 
โทร: 1430 กด 2 
เว็บไซต์: https://corporate.lotuss.com/contact-us/",,,,Lotus’s Shop Online
170,doc_id_th_170,doc_id_en_170,การจัดส่งมีกี่รูปแบบค่ะ ,,,,,"ท่านสามารถเลือกวิธีการจัดส่งได้ดังนี้ค่ะ

1.จัดส่งภายในวัน Sameday Delivery (ส่งทันที 1 ชม.จากสาขาเล็กหรือส่งทันที 3 ชม.จากสาขาใหญ่ ) 

2.จัดส่งวันถัดไปจากสาขาใหญ่ Next day Delivery เลือกรอบจัดส่งได้ดังนี้  🚚
10:00-14:00 
14:00-18:00
18:00-21:00

ซึ่งรอบจัดส่งดังกล่าว ขึ้นอยู่กับพื้นที่ให้บริการของแต่ละสาขาค่ะ
สำหรับคำสั่งซื้อสินค้าประเภทจัดส่งวันถัดไป (Next Day Delivery) ท่านต้องกดสั่งซื้อและชำระเงินให้เสร็จสิ้นก่อนเวลา 23:59 น. เพื่อให้ระบบสามารถบันทึกข้อมูลและดำเนินการจัดส่งในวันถัดไป หากเลยเวลาที่กำหนด คำสั่งซื้อจะถูกจัดส่งในวันถัดจากวันชำระเงินสำเร็จ (T+1)   📅

เพื่อความเป็นส่วนตัว พนักงานจะจัดส่งเฉพาะบริเวณหน้าบ้าน, ล็อบบี้ใต้ตึกสำนักงาน, อพาร์ทเมนท์ หรือคอนโดมิเนียมเท่านั้น หากเกิดเหตุสุดวิสัย เช่น ภัยธรรมชาติ, อุบัติเหตุ หรือเหตุการณ์อื่น ๆ ที่อยู่นอกเหนือการควบคุมของบริษัท บริษัทขอสงวนสิทธิ์ในการยกเลิกคำสั่งซื้อ, ยกเลิกการจัดส่ง, หรือดำเนินการอื่น ๆ ตามที่บริษัทเห็นสมควรค่ะ ⚠️",,,,Lotus’s Shop Online
171,doc_id_th_171,doc_id_en_171,หากต้องการเปลี่ยนเบอร์โทรสมาชิก มายโลตัส ต้องทำอย่างไร ,,,,,"ท่านสามารถแก้ไขข้อมูลส่วนตัวและเบอร์มือถือสมาชิกมายโลตัสได้ง่าย ๆ ดังนี้:
 
1.ผ่านโลตัส สมาร์ท แอป:
 
เพียงเข้าไปที่เมนู ""โปรไฟล์"" แล้วเลือก ""แก้ไขโปรไฟล์ของฉัน""
ปรับแก้ข้อมูลส่วนตัวตามต้องการได้ 📱
 
2.ผ่านเว็บไซต์โลตัส:
 
เข้าสู่เว็บไซต์ https://www.lotuss.com
ลงชื่อเข้าใช้บัญชี แล้วเลือกเมนูสำหรับแก้ไขข้อมูลส่วนตัว
 
3.ผ่าน Line Official:
 
ท่านสามารถใช้ Line OA ของ Lotus’s, Lotus’s Go Fresh หรือ Line สาขา
กดเลือกเมนูที่เกี่ยวข้องเพื่อแก้ไขข้อมูลส่วนตัว
 
หมายเหตุ :
ท่านไม่สามารถเปลี่ยนหมายเลขบัตรประชาชนได้ด้วยตนเอง กรุณาติดต่อศูนย์บริการสมาชิกมายโลตัส โทร 1430 กด 1 ได้ทุกวันตั้งแต่เวลา 9:00 – 23:00 น. ค่ะ",,,,Lotus’s Shop Online
172,doc_id_th_172,doc_id_en_172,ทำไมถึงถูกเก็บค่าจัดส่งภายในวันคะ ,,,,,"การจัดส่งสินค้าภายในวันส่งฟรีไม่มีขั้นต่ำค่ะ หากท่านพบปัญหาเรียกเก็บเงินค่าจัดส่งจากบริการจัดส่งภายในวัน  สามารถติดต่อส่วนงานบริการลูกค้าผ่านช่องทางดังนี้ค่ะ

Inbox: FB Lotus's Shop Online 
E-mail: shoponline@lotuss.com 
โทร: 1430 กด 2 
เว็บไซต์: https://corporate.lotuss.com/contact-us/",,,,Lotus’s Shop Online
173,doc_id_th_173,doc_id_en_173,ได้สั่งซื้อสินค้าแล้ว รับหมายเลขคำสั่งซื้อ CPTH..... เรียบร้อยแล้ว แต่เลือกรูปแบบการจัดส่งผิด ต้องการขอเปลี่ยนรูปแบบการจัดส่งจากภายในวัน เป็นวันถัดไปได้ไหมคะ ,,,,,"ขออภัยค่ะ ไม่สามารถเปลี่ยนวิธีการจัดส่งได้ค่ะ 

หากท่านต้องการยกเลิกคำสั่งซื้อ สามารถดำเนินการได้ดังนี้ค่ะ:

- กรณีสั่งซื้อสินค้าเลือกจัดส่งวันถัดไป (Nextday): ท่านสามารถกดยกเลิกด้วยตนเองผ่านระบบภายในเวลา 23:59 น. ของวันที่สั่งซื้อ 🕒

- กรณีสั่งซื้อสินค้าเลือกจัดส่งภายในวัน ส่งทันที 1 ชม.หรือ ส่งทันที 3 ชม.(Sameday): กรณีส่งทันที 1 ชั่วโมงหรือ 3 ชั่วโมง ท่าน ไม่สามารถกดยกเลิกในระบบได้เอง ❌ ท่านสามารถติดต่อส่วนงานบริการลูกค้าเพื่อขอยกเลิกคำสั่งซื้อได้ตามช่องทางนี้ค่ะ

โทรศัพท์ 1430 กด 2 ☎️
Inbox FB Lotus's Shop Online 💬
อีเมล: shoponline@lotuss.com 📧",,,,Lotus’s Shop Online
174,doc_id_th_174,doc_id_en_174,สินค้าน้ำปลาที่หน้าสาขาราคาถูกกว่าในช้อปออนไลน์ได้อย่างไรคะ ,,,,,การจำหน่ายสินค้าหน้าสาขา กับโลตัส ช้อปออนไลน์ อาจมีราคาไม่เท่ากัน ขึ้นอยู่กับโปรโมชั่นช่วงนั้นๆค่ะ,,,,Lotus’s Shop Online
175,doc_id_th_175,doc_id_en_175,ต้องการขอสอบถามหมายเลขติดต่อสาขา โลตัส บางใหญ่ค่ะ ,,,,,สาขาโลตัส บางใหญ่ มีหมายเลขโทรศัพท์ 02-832-5000 ค่ะ หากมีคำถามเพิ่มเติม สามารถสอบถามน้องบัวได้เลยนะคะ ขอบคุณที่ใช้บริการค่ะ ,,,,Lotus’s Shop Online
176,doc_id_th_176,doc_id_en_176,ติดต่อเจ้าหน้าที่อย่างไร,,,,," คุณลูกค้าสามารถติดต่อเจ้าหน้าที่ได้ตามช่องทางดังนี้ค่ะ Inbox FB Lotus's Official
อีเมล: customer-service@lotuss.com
เว็บไซต์: https://corporate.lotuss.com/contact-us/
โทรศัพท์: 1430 กด 1: สมาชิก My Lotus กด 2: Lotus Shop Online กด 3: จ่ายบิล/เติมเงิน/ฝากเงิน/ส่งพัสดุ/ซื้อบัตรของขวัญ กด 4: ลูกค้าสัมพันธ์ กด 5: ลูกค้ากลุ่มธุรกิจ
สำหรับลูกค้าช้อปออนไลน์สามารถติดต่อเจ้าหน้าที่ได้ตามช่องทางดังนี้ค่ะ

สำหรับลูกค้าช้อปออนไลน์สามารถติดต่อเจ้าหน้าที่ได้ตามช่องทางดังนี้ค่ะ

Inbox FB Lotus's Shop Online
อีเมล: shoponline@lotuss.com
เว็บไซต์: https://corporate.lotuss.com/contact-us/
โทรศัพท์: 1430 กด 2
หากมีคำถามเพิ่มเติม สามารถสอบถามน้องบัวได้เลยนะคะ ขอบคุณที่ใช้บริการค่ะ
",,,,Lotus’s Shop Online
177,doc_id_th_177,doc_id_en_177, สั่งซื้อออนไลน์ทางไหนได้บ้าง ,,,,,คุณลูกค้าสามารถสั่งซื้อออนไลน์ได้ที่เว็บไซต์ https://www.lotuss.com/th/ หรือแอปพลิเคชัน My Lotus’s ค่ะ โดยคุณลูกค้าสามารถศึกษาวิธีการใช้งานได้ง่าย ๆ ที่ลิงก์นี้ค่ะ: https://www.lotuss.com/th/how-to-shop หากมีคำถามเพิ่มเติม สามารถสอบถามน้องบัวได้เลยนะคะ ขอบคุณที่ใช้บริการค่ะ ,,,,Lotus’s Shop Online
178,doc_id_th_178,doc_id_en_178,ขอใบกำกับภาษีได้ไหม,,,,,"ท่านสามารถขอใบกำกับภาษีแบบเต็มรูปได้โดยกรอกข้อมูลสำหรับการออกใบกำกับภาษี (ทั้งในนามบุคคลธรรมดาและนิติบุคคล) ในขั้นตอนการสั่งซื้อ โดยเลือกเมนู
 ""รถเข็นของฉัน""  >""ข้อมูลใบกำกับภาษี"" 
ใบกำกับภาษีจะถูกจัดส่งทางอีเมลภายใน 24 ชั่วโมง หลังจากสถานะการจัดส่งสำเร็จค่ะ 📧
หากกรอกข้อมูลในระบบแล้วแต่ยังไม่ได้รับใบกำกับภาษี ท่านสามารถตรวจสอบที่ Junk Mail หรือติดต่อส่วนงานบริการลูกค้าได้ตามช่องทางดังนี้ค่ะ:

โทรศัพท์ที่หมายเลข 1430 กด 2 ☎️
Inbox FB Lotus's Shop Online 💬
อีเมล: shoponline@lotuss.com 📧
เว็บไซต์: https://corporate.lotuss.com/contact-us/🌐",,,,Lotus’s Shop Online
179,doc_id_th_179,doc_id_en_179,ตรวจสอบสถานะจัดส่งยังไง,,,,,"หากคุณลูกค้าเป็นสมาชิก My Lotus’s สามารถตรวจสอบสถานะคำสั่งซื้อได้ในแอปพลิเคชัน
โดยคลิก “โปรไฟล์” > “ประวัติคำสั่งซื้อ”
หากไม่ได้เป็นสมาชิก: สามารถติดต่อส่วนงานบริการลูกค้าผ่านช่องทางดังนี้:

Inbox: FB Lotus's Shop Online
E-mail: shoponline@lotuss.com
โทร: 1430 กด 2
เว็บไซต์: https://corporate.lotuss.com/contact-us/ หากมีคำถามเพิ่มเติม สามารถสอบถามน้องบัวได้เลยนะคะ ขอบคุณที่ใช้บริการค่ะ",,,,Lotus’s Shop Online
180,doc_id_th_180,doc_id_en_180,สมัครสมาชิกโลตัสยังไง,,,,,"คุณลูกค้าสามารถสมัครสมาชิก My Lotus’s ได้ 2 ช่องทางค่ะ:

ออนไลน์: ผ่าน Lotus's SMART App หรือเว็บไซต์ mylotussregister.lotuss.com
ที่สาขา: สมัครผ่านแคชเชียร์ด้วยบัตรประชาชนและเบอร์โทรศัพท์ค่ะ หากมีคำถามเพิ่มเติม สามารถสอบถามน้องบัวได้เลยนะคะ ขอบคุณที่ใช้บริการค่ะ",,,,Lotus’s Shop Online
181,doc_id_th_181,doc_id_en_181,ใช้คอยน์เป็นส่วนลดได้หรือไม่,,,,,"คุณลูกค้าสามารถใช้โลตัสคอยน์เป็นส่วนลดได้ที่โลตัสทุกสาขา หรือใช้คอยน์แลกเป็นส่วนลดกับร้านค้าต่างๆ ผ่านแอปพลิเคชัน Lotus's SMART App หรือใช้เป็นส่วนลดสำหรับการซื้อสินค้าออนไลน์ผ่าน Lotus's Shop Online (เว็บไซต์หรือแอป SMART App) โดยไม่สามารถใช้เป็นส่วนลดในการสั่งซื้อสินค้าผ่าน shopee lazada และ TikTok ได้ค่ะ
หากมีคำถามเพิ่มเติม สามารถสอบถามน้องบัวได้เลยนะคะ ขอบคุณที่ใช้บริการค่ะ
",,,,Lotus’s Shop Online
182,doc_id_th_182,doc_id_en_182,ต้องการซื้อบัตรกำนัล,,,,,"ท่านสามารถซื้อบัตรของขวัญได้ที่จุดบริการลูกค้าในโลตัสไฮเปอร์มาร์เก็ต(สาขาใหญ่)โดยมีมูลค่าให้เลือกตั้งแต่ 100, 300, 500 และ 1,000 บาทค่ะหากมีคำถามเพิ่มเติม สามารถสอบถามน้องบัวได้เลยนะคะ ขอบคุณที่ใช้บริการค่ะ",,,,Lotus’s Shop Online
183,doc_id_th_183,doc_id_en_183,เจ้าหน้าที่นำสินค้าไปส่งให้ทีห้องได้ไหม,,,,,"เพื่อความเป็นส่วนตัว พนักงานจะจัดส่งเฉพาะบริเวณหน้าบ้าน, ล็อบบี้ใต้ตึกสำนักงาน, อพาร์ทเมนท์ หรือคอนโดมิเนียมเท่านั้นค่ะ ",,,,Lotus’s Shop Online
184,doc_id_th_184,doc_id_en_184,เจ้าหน้าที่เข้าไปส่งสินค้าในบ้านให้หรือไม่,,,,,"เพื่อความเป็นส่วนตัว พนักงานจะจัดส่งเฉพาะบริเวณหน้าบ้าน, ล็อบบี้ใต้ตึกสำนักงาน, อพาร์ทเมนท์ หรือคอนโดมิเนียมเท่านั้นค่ะ ",,,,Lotus’s Shop Online
185,doc_id_th_185,doc_id_en_185,สินค้าจะส่งมีบริการใส่ถุงหรือไม่,,,,,ขออภัยค่ะ ไม่มีข้อมูลเกี่ยวกับการบริการใส่ถุงสินค้าในเอกสารที่มีข้อมูล หากต้องการทราบข้อมูลเพิ่มเติม กรุณาสอบถามเพิ่มเติมที่ 1430 ทุกวันตั้งแต่เวลา 9:00 น. ถึง 23:00 น. หากมีคำถามเพิ่มเติม สามารถสอบถามน้องบัวได้เลยนะคะ ขอบคุณที่ใช้บริการค่ะ ,,,,Lotus’s Shop Online
186,doc_id_th_186,doc_id_en_186,ขอแก้ไขใบกำกับภาษีสั่งซื้อในช้อปออนไลน์ เนื่องจากไม่มีคำนำหน้า,,,,,"หากท่านต้องการแก้ไขข้อมูลในใบกำกับภาษี กรุณาติดต่อส่วนงานบริการลูกค้าภายใน30 วันนับจากวันที่ออกใบกำกับภาษี ทั้งนี้ข้อมูลที่สามารถแก้ไขได้มีดังนี้ค่ะ:

1. ตัวสะกด ชื่อ-นามสกุลผิด แต่ไม่สามารถเปลี่ยนเป็นชื่อบุคคลอื่น หรือนิติบุคคลได้
2. ที่อยู่ผิด
3. เลขประจำตัวผู้เสียภาษีผิดหลัก หรือ ผิดตัวเลข แต่ไม่สามารถเปลี่ยนเป็นเลขประจำตัวของบุคคลอื่น หรือนิติบุคคลได้
4. ไม่สามารถแก้ไขรายการสินค้าในใบกำกับภาษีได้ได้ค่ะ

ช่องทางติดต่อส่วนงานบริการลูกค้า:
โทร 1430 กด 2
Inbox FB Lotus's Shop Online
อีเมล: shoponline@lotuss.com",,,,Lotus’s Shop Online
187,doc_id_th_187,doc_id_en_187,ได้รับสินค้าหมดอายุ สั่งซื้อใน Grab,,,,,รบกวนท่านติดต่อแจ้งปัญหาที่ Grab โดยตรงค่ะ,,,,Lotus’s Shop Online
188,doc_id_th_188,doc_id_en_188,ได้รับสินค้าหมดอายุ สั่งซื้อใน Foodpanda,,,,,รบกวนท่านติดต่อแจ้งปัญหาที่ Food Panda โดยตรงค่ะ,,,,Lotus’s Shop Online
189,doc_id_th_189,doc_id_en_189,ได้รับสินค้าหมดอายุ สั่งซื้อใน Lineman,,,,,รบกวนท่านติดต่อแจ้งปัญหาที่ Lineman โดยตรงค่ะ,,,,Lotus’s Shop Online
190,doc_id_th_190,doc_id_en_190,สั่งซื้อสินค้าออนไลน์ ได้รับไข่แตก เปลี่ยนสินค้าได้มั้ย สินค้าจัดส่ง 5 วันที่แล้ว,,,,,"ขออภัยค่ะ หากท่านพบปัญหาคุณภาพสินค้า สามารถติดต่อส่วนงานบริการลูกค้าผ่านช่องทางดังนี้ค่ะ

Inbox: FB Lotus's Shop Online 
E-mail: shoponline@lotuss.com 
โทร: 1430 กด 2 
เว็บไซต์: https://corporate.lotuss.com/contact-us/ 

กรณีต้องการคืนสินค้า สามารถดำเนินการได้ดังนี้ค่ะ 

1. สามารถคืนสินค้าได้ ณ จุดบริการได้ทุกสาขาภายใน 7 วันนับตั้งแต่วันที่ได้รับสินค้า
2. สำหรับกรณีสินค้าของสด รับคืนภายในวันถัดไปหลังจากวันที่ได้รับสินค้าเท่านั้น
3. การคืนสินค้าต้องแสดงเอกสารใบส่งสินค้าหรือใบสั่งซื้อด้วยทุกครั้ง
4. การคืนสินค้าต้องนำสินค้าที่ต้องการคืนมาด้วยทุกครั้ง ตามเงื่อนไขดังนี้
    4.1 กรณีคืนสินค้าบางชิ้นหรือบางรายการ - ให้ลูกค้านำสินค้ารายการที่ต้องการคืนสาขา (พร้อมของแถม) พร้อมเอกสารจากข้อ 3 โดยสินค้าต้องอยู่ในสภาพดีไม่ผ่านการใช้งาน
     4.2 กรณีคืนสินค้าทุกชิ้น - ให้ลูกค้านำสินค้าทุกรายการส่งคืนสาขา (พร้อมของแถม) พร้อมเอกสารจากข้อ 3 โดยสินค้าต้องอยู่ในสภาพดีไม่ผ่านการใช้งาน
5. การคืนเงินจะคืนเป็นเงินสดเท่านั้นค่ะ",,,,Lotus’s Shop Online
191,doc_id_th_191,doc_id_en_191,ต้องการให้พนักงานจัดส่งยกน้ำดื่มเข้ามาจัดส่งให้ในบ้านได้มั้ย,,,,,"เพื่อความเป็นส่วนตัว พนักงานจะจัดส่งเฉพาะบริเวณหน้าบ้าน, ล็อบบี้ใต้ตึกสำนักงาน, อพาร์ทเมนท์ หรือคอนโดมิเนียมเท่านั้นค่ะ ",,,,Lotus’s Shop Online
192,doc_id_th_192,doc_id_en_192,ชำระเงินปลายทางโอนจ่ายได้มั้ย,,,,,"คุณลูกค้าสามารถเลือกวิธีการชำระเงินปลายทางได้ดังนี้ค่ะ:
ชำระด้วยเงินสด
ชำระด้วยทรูมันนี่ วอลเล็ท
หากมีคำถามเพิ่มเติม สามารถสอบถามน้องบัวได้เลยนะคะ ขอบคุณที่ใช้บริการค่ะ
",,,,Lotus’s Shop Online
193,doc_id_th_193,doc_id_en_193,เลือกจัดส่งภายในวัน แต่ถูกคิดค่าจัดส่ง 10 บาท,,,,,"การจัดส่งสินค้าภายในวันส่งฟรีไม่มีขั้นต่ำค่ะ หากท่านพบปัญหาเรียกเก็บเงินค่าจัดส่งจากบริการจัดส่งภายในวัน  สามารถติดต่อส่วนงานบริการลูกค้าผ่านช่องทางดังนี้ค่ะ

Inbox: FB Lotus's Shop Online 
E-mail: shoponline@lotuss.com 
โทร: 1430 กด 2 
เว็บไซต์: https://corporate.lotuss.com/contact-us/",,,,Lotus’s Shop Online
194,doc_id_th_194,doc_id_en_194,สั่งซื้อสินค้าออนไลน์ ได้รับใบกำกับภาษีแล้ว แต่ต้องการให้ใบกำกับภาษีมีตราประทับและลายเซ็น,,,,,"ใบกำกับภาษีที่ได้รับเป็นแบบ ETAX สามารถตรวจสอบจากท้ายใบเสร็จ จะแสดงข้อความ ""เอกสารนี้ไม่มีลายมือชื่อผู้รับมอบอำนาจและผู้รับเงินของบริษัท เนื่องจากออกด้วยระบบอิเล็กทรอนิกส์ เอกสารนี้จัดทำและส่งข้อมูลให้แก่กรมสรรพากรด้วยวิธีทางอิเล็กทรอนิกส์"" ค่ะ",,,,Lotus’s Shop Online
195,doc_id_th_195,doc_id_en_195,ติดตามการจัดส่ง ,,,,,"หากคุณลูกค้าเป็นสมาชิก My Lotus’s สามารถตรวจสอบสถานะคำสั่งซื้อได้ในแอปพลิเคชัน โดยคลิก “โปรไฟล์” > “ประวัติคำสั่งซื้อ” ค่ะ

หากไม่ได้เป็นสมาชิก: สามารถติดต่อส่วนงานบริการลูกค้าผ่านช่องทางดังนี้:

Inbox: FB Lotus's Shop Online
E-mail: shoponline@lotuss.com
โทร: 1430 กด 2
เว็บไซต์: https://corporate.lotuss.com/contact-us/
หากมีคำถามเพิ่มเติม สามารถสอบถามน้องบัวได้เลยนะคะ ขอบคุณที่ใช้บริการค่ะ",,,,Lotus’s Shop Online
196,doc_id_th_196,doc_id_en_196,ซื้อสินค้าออนไลน์ ได้ของไม่ครบ จะได้เงินคืนยังไง ชำระด้วยบัตรเครดิต,,,,,"หากยกเลิกคำสั่งซื้อที่ชำระผ่านบัตรเครดิต มีระยะเวลาการคืนเงินดังนี้ค่ะ

1.ยกเลิกคำสั่งซื้อทั้งออเดอร์ 
ยอดเงินที่แจ้งในขั้นตอนการสั่งซื้อ เป็นเพียงการจองวงเงินในบัตรเครดิตเท่านั้น ซึ่งจะไม่มีการเรียกเก็บในบัญชีบัตรเครดิต วงเงินดังกล่าวจะคืนเข้าบัตรระยะเวลา 7-14 วันทำการ ขึ้นอยู่กับนโยบายของธนาคารผู้ออกบัตร ( นับจากวันที่ยกเลิกในระบบ ) ลูกค้าสามารถตรวจสอบการคืนวงเงินได้จากธนาคารโดยตรง 📅

2.ยกเลิกสินค้าบางรายการ 
ระบบจะทำการ เรียกเก็บเงินตามมูลค่าที่เกิดขึ้นจริง ของราคาสินค้าที่ได้รับเท่านั้น ซึ่งยอดที่เรียกเก็บจริงอาจไม่ตรงกับยอดเงินที่แจ้งในขั้นตอนการสั่งซื้อ ลูกค้าสามารถตรวจสอบยอดรวมค่าสินค้าได้จากใบส่งสินค้าที่ได้รับจากพนักงานจัดส่ง หรือตรวจสอบจากใบเสร็จอย่างย่อ / ใบกำกับภาษีที่ได้รับทางอีเมล 📜

3.ต้องการคืนสินค้า 
สามารถทำได้ตาม “เงื่อนไขการคืนสินค้า สำหรับการสั่งซื้อผ่านช่องทางออนไลน์” วงเงินดังกล่าวจะคืนเข้าบัตรระยะเวลา 7-45 วันทำการ ขึ้นอยู่กับนโยบายของธนาคารผู้ออกบัตร ( นับจากวันที่ยกเลิกในระบบ )ค่ะ 🛍️",,,,Lotus’s Shop Online
197,doc_id_th_197,doc_id_en_197,สั่งซื้อเบียร์ออนไลน์ได้มั้ย,,,,,ขออภัยค่ะ Lotus's Shop Online ไม่มีสินค้าประเภทนี้จำหน่ายค่ะ สามารถเลือกซื้อสินค้าได้จากโลตัสสาขาที่สะดวกค่ะ,,,,Lotus’s Shop Online
198,doc_id_th_198,doc_id_en_198,การจัดส่งอาหารสด จัดส่งรถแบบไหน,,,,,"หากเป็นการจัดส่งภายในวัน จะจัดส่งโดยรถมอเตอร์ไซค์ 
หากเป็นการจัดส่งวันถัดไป จะจัดส่งโดยรถขนส่ง 

ทั้งนี้อาหารสดจะมีการควบคุมอุณหภูมิเพื่อรักษาคุณภาพสินค้าค่ะ",,,,Lotus’s Shop Online
199,doc_id_th_199,doc_id_en_199,ถ้าไม่พอใจสินค้าที่ได้รับ คืนได้ไหม,,,,,"หากท่านต้องการคืนสินค้าจากช้อปออนไลน์ มีวิธีการดังนี้ค่ะ 

1. สามารถคืนสินค้าได้ ณ จุดบริการได้ทุกสาขาภายใน 7 วันนับตั้งแต่วันที่ได้รับสินค้า
2. สำหรับกรณีสินค้าของสด รับคืนภายในวันถัดไปหลังจากวันที่ได้รับสินค้าเท่านั้น
3. การคืนสินค้าต้องแสดงเอกสารใบส่งสินค้าหรือใบสั่งซื้อด้วยทุกครั้ง
4. การคืนสินค้าต้องนำสินค้าที่ต้องการคืนมาด้วยทุกครั้ง ตามเงื่อนไขดังนี้
    4.1 กรณีคืนสินค้าบางชิ้นหรือบางรายการ - ให้ลูกค้านำสินค้ารายการที่ต้องการคืนสาขา (พร้อมของแถม) พร้อมเอกสารจากข้อ 3 โดยสินค้าต้องอยู่ในสภาพดีไม่ผ่านการใช้งาน
     4.2 กรณีคืนสินค้าทุกชิ้น - ให้ลูกค้านำสินค้าทุกรายการส่งคืนสาขา (พร้อมของแถม) พร้อมเอกสารจากข้อ 3 โดยสินค้าต้องอยู่ในสภาพดีไม่ผ่านการใช้งาน
5. การคืนเงินจะคืนเป็นเงินสดเท่านั้นค่ะ",,,,Lotus’s Shop Online
200,doc_id_th_200,doc_id_en_200,สนใจเช่าพื้นที่ที่โลตัสทำอย่างไร,,,,,หากท่านสนใจสมัครร้านค้ากับโลตัส สามารถดูรายละเอียดเพิ่มเติมได้ที่ https://corporate.lotuss.com/recruit-new-shop/ ค่ะ 📑,,,,Lotus’s Shop Online
201,doc_id_th_201,doc_id_en_201,มีKFCที่โลตัส เสนานิคมไหม,,,,,ท่านสามารถติดต่อสอบถามได้ที่โลตัส เสนานิคม เบอร์ xxxxxx ( ดึงเบอร์มาจากฐานข้อมูล ),,,,Lotus’s Shop Online
202,doc_id_th_202,doc_id_en_202,ยกบัตรกำนัลให้คนอื่นได้ไหม,,,,,สำหรับบัตรของขวัญ ( Gift Card ) ไม่ได้ระบุบุคคลที่นำไปใช้ค่ะ,,,,Lotus’s Shop Online
203,doc_id_th_203,doc_id_en_203,จัดส่งสินค้าล่าช้ามีอะไรชดเชยให้ไหม,,,,,"ขออภัยในความไม่สะดวกค่ะ หากติดปัญหาเรื่องการจัดส่งล่าช้าสามารถติดต่อส่วนงานบริการลูกค้าผ่านช่องทางดังนี้ค่ะ

Inbox: FB Lotus's Shop Online 
E-mail: shoponline@lotuss.com 
โทร: 1430 กด 2 
เว็บไซต์: https://corporate.lotuss.com/contact-us/",,,,Lotus’s Shop Online
204,doc_id_th_204,doc_id_en_204,ซื้อเครื่องดื่มแอลกอฮอลล์ใช้คอยน์เป็นส่วนลดได้หรือไม่,,,,,ไม่สามารถใช้โลตัสคอยน์เป็นส่วนลดในการซื้อสินค้าประเภทแอลกอฮอล์ได้ค่ะ,,,,Lotus’s Shop Online
205,doc_id_th_205,doc_id_en_205,สินค้า1แถม1 สามารถคละแบบได้ไหม,,,,,ขออภัยค่ะ สำหรับช้อปออนไลน์ ไม่สามารถเลือกสินค้าคละแบบได้ ระบบจะเพิ่มสินค้าของแถมลงรถเข็นให้อัตโนมัติค่ะ,,,,Lotus’s Shop Online
206,doc_id_th_206,doc_id_en_206,สั่งสินค้าทางช้อปออนไลน์ สินค้า1แถม1 ต้องหยิบสินค้าเหมือนกันหรือไม่,,,,,สำหรับช้อปออนไลน์ระบบจะเพิ่มสินค้าของแถมลงรถเข็นให้อัตโนมัติค่ะ,,,,Lotus’s Shop Online
207,doc_id_th_207,doc_id_en_207,โลตัสรัตนาธิเบศปิดกี่โมง,,,,,โลตัส สาขาใหญ่ รัตนาธิเบศร์ เปิดเวลา 08.00-22.00 น. ค่ะ หากมีคำถามเพิ่มเติม สามารถสอบถามน้องบัวได้เลยนะคะ ขอบคุณที่ใช้บริการค่ะ,,,,Lotus’s Shop Online
208,doc_id_th_208,doc_id_en_208,คืนสินค้ายังไง,,,,,"เงื่อนไขการเปลี่ยน/คืนสินค้าสำหรับการซื้อจากสาขา

หากท่านต้องการเปลี่ยนหรือคืนสินค้าที่ซื้อจากสาขา กรุณานำใบเสร็จและสินค้าพร้อมของแถม (ถ้ามี)มาติดต่อที่สาขาที่ซื้อสินค้าภายในระยะเวลาที่กำหนดดังนี้

🔌 ประเภทเครื่องใช้ไฟฟ้า สามารถเปลี่ยนคืนสินค้าได้ภายใน 7 วัน
🥬 ประเภทอาหารสด สามารถเปลี่ยนคืนสินค้าได้ภายในวันที่ซื้อ
👕 ประเภทเสื้อผ้า สามารถเปลี่ยนคืนสินค้าได้ภายใน 30 วัน โดยสินค้าต้องไม่ผ่านการซักหรือใช้งาน (ยกเว้นชุดชั้นในและถุงเท้าจะไม่สามารถเปลี่ยนคืนได้)
🍪 ประเภทอาหารแห้งสามารถเปลี่ยนคืนสินค้าได้ภายใน 30 วัน
🪑 ประเภทประเภทของใช้ทั่วไป สามารถเปลี่ยนคืนสินค้าได้ภายใน 30 วันค่ะ

สอบถามเกี่ยวกับขั้นตอนการคืนสินค้าช้อปออนไลน์

หากท่านต้องการคืนสินค้า มีวิธีการดังนี้ค่ะ 

1. สามารถคืนสินค้าได้ ณ จุดบริการได้ทุกสาขาภายใน 7 วันนับตั้งแต่วันที่ได้รับสินค้า
2. สำหรับกรณีสินค้าของสด รับคืนภายในวันถัดไปหลังจากวันที่ได้รับสินค้าเท่านั้น
3. การคืนสินค้าต้องแสดงเอกสารใบส่งสินค้าหรือใบสั่งซื้อด้วยทุกครั้ง
4. การคืนสินค้าต้องนำสินค้าที่ต้องการคืนมาด้วยทุกครั้ง ตามเงื่อนไขดังนี้
    4.1 กรณีคืนสินค้าบางชิ้นหรือบางรายการ - ให้ลูกค้านำสินค้ารายการที่ต้องการคืนสาขา (พร้อมของแถม) พร้อมเอกสารจากข้อ 3 โดยสินค้าต้องอยู่ในสภาพดีไม่ผ่านการใช้งาน
     4.2 กรณีคืนสินค้าทุกชิ้น - ให้ลูกค้านำสินค้าทุกรายการส่งคืนสาขา (พร้อมของแถม) พร้อมเอกสารจากข้อ 3 โดยสินค้าต้องอยู่ในสภาพดีไม่ผ่านการใช้งาน
5. การคืนเงินจะคืนเป็นเงินสดเท่านั้นค่ะ



",,,,Lotus’s Shop Online
209,doc_id_th_209,doc_id_en_209,ถ้าสั่งซื้อจัดส่งภายในวันมีค่าจัดส่งไหม ,,,,,สำหรับการจัดส่งภายในวัน ไม่มีค่าบริการจัดส่งค่ะ ,,,,Lotus’s Shop Online
210,doc_id_th_210,doc_id_en_210,ใช้คูปองยังไง,,,,,"คุณลูกค้าสามารถใช้งานคูปองส่วนลดได้ที่หน้า ""ตะกร้าสินค้า"" จากนั้นเลือกเมนู ""คูปองและคูปองเงินสด"" ค่ะ ",,,,Lotus’s Shop Online
211,doc_id_th_211,doc_id_en_211,ยกเลิกออเดอร์ คืนเงินยังไงชำระบัตรเครดิต,,,,,"หากยกเลิกคำสั่งซื้อที่ชำระผ่านบัตรเครดิต มีระยะเวลาการคืนเงินดังนี้ค่ะ

1.ยกเลิกคำสั่งซื้อทั้งออเดอร์ 
ยอดเงินที่แจ้งในขั้นตอนการสั่งซื้อ เป็นเพียงการจองวงเงินในบัตรเครดิตเท่านั้น ซึ่งจะไม่มีการเรียกเก็บในบัญชีบัตรเครดิต วงเงินดังกล่าวจะคืนเข้าบัตรระยะเวลา 7-14 วันทำการ ขึ้นอยู่กับนโยบายของธนาคารผู้ออกบัตร ( นับจากวันที่ยกเลิกในระบบ ) ลูกค้าสามารถตรวจสอบการคืนวงเงินได้จากธนาคารโดยตรง 📅

2.ยกเลิกสินค้าบางรายการ 
ระบบจะทำการ เรียกเก็บเงินตามมูลค่าที่เกิดขึ้นจริง ของราคาสินค้าที่ได้รับเท่านั้น ซึ่งยอดที่เรียกเก็บจริงอาจไม่ตรงกับยอดเงินที่แจ้งในขั้นตอนการสั่งซื้อ ลูกค้าสามารถตรวจสอบยอดรวมค่าสินค้าได้จากใบส่งสินค้าที่ได้รับจากพนักงานจัดส่ง หรือตรวจสอบจากใบเสร็จอย่างย่อ / ใบกำกับภาษีที่ได้รับทางอีเมล 📜

3.ต้องการคืนสินค้า 
สามารถทำได้ตาม “เงื่อนไขการคืนสินค้า สำหรับการสั่งซื้อผ่านช่องทางออนไลน์” วงเงินดังกล่าวจะคืนเข้าบัตรระยะเวลา 7-45 วันทำการ ขึ้นอยู่กับนโยบายของธนาคารผู้ออกบัตร ( นับจากวันที่ยกเลิกในระบบ )ค่ะ 🛍️",,,,Lotus’s Shop Online
212,doc_id_th_212,doc_id_en_212,ได้รับสินค้าไม่สด รับประทานแล้วท้องเสีย สั่งจากช้อปออนไลน์ ต้องทำอย่างไรบ้าง ,,,,,"ขออภัยค่ะ ถ้าท่านพบปัญหาเกี่ยวกับคุณภาพสินค้า ท่านสามารถติดต่อส่วนงานบริการลูกค้าผ่านช่องทางดังนี้ค่ะ

Inbox: FB Lotus's Shop Online 
E-mail: shoponline@lotuss.com 
โทร: 1430 กด 2 
เว็บไซต์: https://corporate.lotuss.com/contact-us/ ",,,,Lotus’s Shop Online
213,doc_id_th_213,doc_id_en_213,ถูกหักเงินผ่านบัตรเครดิต แต่ไม่ได้รับหมายเลขคำสั่งซื้อ CPTH......... ,,,,,"หากไม่ได้รับหมายเลขคำสั่งซื้อหลังการสั่งซื้อสินค้า สามารถตรวจสอบที่ SMS Email หรือในประวัติคำสั่งซื้อ
หากตรวจสอบแล้วไม่พบคำสั่งซื้อท่านสามารถติดต่อส่วนงานบริการลูกค้าผ่านช่องทางดังนี้ค่ะ

Inbox: FB Lotus's Shop Online 
E-mail: shoponline@lotuss.com 
โทร: 1430 กด 2 
เว็บไซต์: https://corporate.lotuss.com/contact-us/ ",,,,Lotus’s Shop Online
214,doc_id_th_214,doc_id_en_214,ต้องการซื้อเหล้าในโลตัส ช้อปออนไลน์ทำอย่างไรค่ะ ,,,,,ขออภัยค่ะ Lotus's Shop Online ไม่มีสินค้าประเภทนี้จำหน่ายค่ะ สามารถเลือกซื้อสินค้าได้จากโลตัสสาขาที่สะดวกค่ะ,,,,Lotus’s Shop Online
215,doc_id_th_215,doc_id_en_215,สินค้า 1 แถม 1 ต้องหยิบใส่ตะกร้ากี่ชิ้น,,,,,ลูกค้าสามารถหยิบสินค้าลงตะกร้าตามจำนวนที่ต้องการ สำหรับสินค้าของแถมระบบจะเพิ่มสินค้าของแถมลงรถเข็นให้อัตโนมัติค่ะ,,,,Lotus’s Shop Online
216,doc_id_th_216,doc_id_en_216,ต้องการเลือกลายสินค้าที่สั่งได้ไหม ,,,,,ขออภัยค่ะ หากในรายละเอียดสินค้าระบุว่าคละแบบจะไม่สามารถระบุสี / ลายได้ค่ะ,,,,Lotus’s Shop Online
217,doc_id_th_217,doc_id_en_217,ตัวอย่างการตอบคำถามที่ดี สำหรับการสอบถามสาขาในการฝากเงิน,,,,,"สามารถใช้บริการฝากเงินได้ที่ ... (โลตัส สาขาใหญ่ รามอินทรา.โลตัส สาขาใหญ่ ลาดพร้าว,โลตัส โกเฟรช ลาดพร้าว 71,โลตัส สาขาใหญ่ วังหิน,โลตัส โกเฟรช โชคชัย 4)",,,Bill Payment,Offline
218,doc_id_th_218,doc_id_en_218,ฝากเงินขั้นต่ำได้กี่บาท,,,,,สำหรับบริการรับฝากเงินสามารถรับฝากยอดขั้นต่ำที่ 100 บาท/ครั้ง โดยรับฝากเป็นเงินสดเท่านั้นค่ะ,,,Bill Payment,Offline
219,doc_id_th_219,doc_id_en_219,ฝากเงินสูงสุดได้กี่บาท,,,,,"สำหรับบริการรับฝากเงินสามารถรับฝากยอดสูงสุดไม่เกิน 20,000 บาท/ครั้ง รวมสูงสุดไม่เกิน 60,000 บาท / วัน โดยรับฝากเป็นเงินสดเท่านั้นค่ะ",,,Bill Payment,Offline
220,doc_id_th_220,doc_id_en_220,รับฝากเงินธนาคารอะไรได้บ้าง,,,,,"สำหรับธนาคารที่สามารถให้บริการรับฝากเงินได้คือ ธนาคารกรุงเทพ, ธนาคารกสิกรไทย, ธนาคารกรุงศรีอยุธยา, ธนาคารไทยพาณิชย์, ธนาคารเพื่อการเกษตรและสหกรณ์, ธนาคารทหารไทยธนชาติค่ะ",,,Bill Payment,Offline
221,doc_id_th_221,doc_id_en_221,ค่าธรรมเนียมการฝากเงินกี่บาท,,,,,การฝากเงินจะมีค่าธรรมเนียมการรับฝากเงิน 15 บาท / รายการค่ะ,,,Bill Payment,Offline
222,doc_id_th_222,doc_id_en_222,Lotus’s Eats คืออะไร,,,,,สำหรับ Lotus's Eats คุณลูกค้าสามารถสั่งอาหารและอาหารจานด่วนได้จากร้านค้าหลายแห่งที่ร่วมรายการกับโลตัสค่ะ โดยสามารถสั่งผ่านแอปพลิเคชันหรือเว็บไซต์ของโลตัสได้เลยค่ะ หากมีคำถามเพิ่มเติม สามารถสอบถามน้องบัวได้เลยนะคะ ขอบคุณที่ใช้บริการค่ะ,,,Customer Service,Lotus’s Eat
223,doc_id_th_223,doc_id_en_223,เปลี่ยนสินค้า / เคลมสินค้าได้มั้ย,,,,,เปลี่ยนสินค้า หากคุณลูกค้าต้องการเปลี่ยนสินค้า กรุณานำใบเสร็จและสินค้าพร้อมของแถม (ถ้ามี) มาติดต่อที่สาขาที่ซื้อสินค้าภายในระยะเวลาที่กำหนดดังนี้ค่ะ ประเภทเครื่องใช้ไฟฟ้า สามารถเปลี่ยนคืนสินค้าได้ภายใน 7 วัน ประเภทอาหารสด สามารถเปลี่ยนคืนสินค้าได้ภายในวันที่ซื้อ ประเภทเสื้อผ้า สามารถเปลี่ยนคืนสินค้าได้ภายใน 30 วัน โดยสินค้าต้องไม่ผ่านการซักหรือใช้งาน (ยกเว้นชุดชั้นในและถุงเท้าจะไม่สามารถเปลี่ยนคืนได้) ประเภทอาหารแห้งสามารถเปลี่ยนคืนสินค้าได้ภายใน 30 วัน ประเภทของใช้ทั่วไป สามารถเปลี่ยนคืนสินค้าได้ภายใน 30 วันค่ะ หากมีคำถามเพิ่มเติม สามารถสอบถามน้องบัวได้เลยนะคะ ขอบคุณที่ใช้บริการค่ะ,,,Customer Service,All
224,doc_id_th_224,doc_id_en_224,ต้องการสมัครงานผู้สูงอายุ ทำอย่างไร,,,,,หากคุณลูกค้าต้องการสมัครงานกับโลตัส: ติดต่อฝ่ายบุคคลที่เบอร์ 02-797-9000 (จันทร์ - ศุกร์ 09:00 - 16:30 น.) ฝากประวัติสมัครงานที่ https://careers.lotuss.com หรือสอบถามข้อมูลในสาขาที่ลูกค้าสนใจด้วยตัวเองค่ะ หากมีคำถามเพิ่มเติม สามารถสอบถามน้องบัวได้เลยนะคะ ขอบคุณที่ใช้บริการค่ะ,,,Customer Service,Offline
225,doc_id_th_225,doc_id_en_225,โครงการ 60 ยังแจ๋ว คืออะไร,,,,,"โครงการ 60 ยังแจ๋วเป็นโครงการที่เกิดจากความร่วมมือกันระหว่างกระทรวงแรงงานและซีพี แอ็กซ์ตร้า มีวัตถุประสงค์ในการส่งเสริมการมีงานทำ ฝึกทักษะผู้สูงอายุ รองรับสังคมสูงวัยในโครงการ 60 ยังแจ๋ว 

สำหรับผู้ที่มีอายุ 60 ปีขึ้นไปและมีความสนใจเข้าร่วมโครงการ สามารถติดต่อได้ที่ แม็คโคร และ โลตัส หรือติดต่อสำนักงานจัดหางานจังหวัดทุกจังหวัด สำนักงานจัดหางานกรุงเทพมหานครพื้นที่ 1-10 ศูนย์บริการจัดหางานเพื่อคนไทย (Smart Job center) อาคาร 3 ชั้น ด้านหน้ากระทรวงแรงงาน เว็บไซต์ ไทยมีงานทำ.doe.go.th หรือสายด่วนกระทรวงแรงงาน โทร. 1506 กด 2 กรมการจัดหางาน หรือสายด่วนกรมการจัดหางาน โทร.1694 ค่ะ",,,Customer Service,Offline
226,doc_id_th_226,doc_id_en_226,drop off lazada คืออะไร,,,,,เป็นจุดบริการรับฝากและจัดส่งพัสดุของลาซาด้า เพื่อช่วยอำนวยความสะดวกให้กับเจ้าของร้านค้าบนแพลตฟอร์ม ลาซาด้า โดยสามารถนำพัสดุมาทำการฝากส่งได้ที่โลตัสสาขาใกล้บ้านค่ะ,,,Customer Service,Offline
227,doc_id_th_227,doc_id_en_227,บริการส่งพัสดุ/Thailand Post,,,,,เป็นบริการรับจัดส่งสินค้าและพัสดุด่วนทั่วประเทศด้วยราคาพิเศษผ่านบริษัทไปรษณีย์ไทย จำกัด ในรูปแบบบริการเหมาจ่ายตามขนาด ไม่ต้องชั่งน้ำหนัก ลูกค้าสามารถติดตามสถานะ ผ่าน Track&Trace ได้ภายใน 24 ชั่วโมง ของวันทำการไปรษณีย์ถัดไป (เงื่อนไขและอัตราค่าบริการ) สามารถตรวจสอบเพิ่มเติมได้ที่ https://corporate.lotuss.com/services-thailand-post/,,,Customer Service,Offline
228,doc_id_th_228,doc_id_en_228,มีบริการ เคอรี่/Kerry ไหม,,,,,เรามีบริการของ Kerry ในส่วนการรับฝากส่งพัสดุและบริการ drop off ทั้งในสาขาใหญ่และสาขาเล็ก เปิดให้บริการทุกวันค่ะ,,,Customer Service,Offline
229,doc_id_th_229,doc_id_en_229,รับเหรียญฝากเงินไหม,,,,,สามารถรับฝากเศษสตางค์ ธนบัตรใบย่อยและเหรียญ รวมกันไม่เกิน 100 บาทต่อรายการค่ะ,,,Customer Service,Offline
230,doc_id_th_230,doc_id_en_230,จองตั๋วคอนเสิร์ตได้ไหม,,,,,สามารถทำการจองตั๋วคอนเสิร์ต งานแสดง และกีฬา ที่จัดจำหน่ายโดยบริษัทไทยทิคเก็ตเมเจอร์ ได้ที่จุดบริการลูกค้าในสาขาใหญ่ค่ะ,,,Customer Service,Offline
231,doc_id_th_231,doc_id_en_231,โลตัสในประเทศไทยมีกี่สาขา,,,,,"โลตัสในประเทศไทยมีทั้งหมดประมาณ 2,000 กว่าสาขา โดยจะมีรูปแบบร้านค้า 1.ไฮเปอร์มาร์เก็ต(สาขาใหญ่) 2.โกเฟรช ซุปเปอร์มาร์เก็ต และ โกเฟรช มินิซุปเปอร์มาร์เก็ต ค่ะ",,,Customer Service,Offline
232,doc_id_th_232,doc_id_en_232,สามารถซื้อบัตรกิ๊บการ์ดได้ที่ไหน,,,,,"คุณลูกค้าสามารถซื้อบัตรของขวัญได้ที่จุดบริการลูกค้าในโลตัสไฮเปอร์มาร์เก็ต(สาขาใหญ่)โดยมีมูลค่าให้เลือกตั้งแต่ 100, 300, 500 และ 1,000 บาทค่ะหากมีคำถามเพิ่มเติม สามารถสอบถามน้องบัวได้เลยนะคะ ขอบคุณที่ใช้บริการค่ะ",,,Customer Service,Offline
233,doc_id_th_233,doc_id_en_233,บัตรกิฟการ์ดมีวันหมดอายุหรือไม่,,,,,บัตรของขวัญโลตัส (Lotus's Gift Card ) จะไม่มีวันหมดอายุค่ะหากมีคำถามเพิ่มเติม สามารถสอบถามน้องบัวได้เลยนะคะ ขอบคุณที่ใช้บริการค่ะ,,,Customer Service,Offline
234,doc_id_th_234,doc_id_en_234,บัตรกิ๊บการ์ดใช้ที่ไหนได้บ้าง,,,,,"บัตรของขวัญ (Gift Card) สามารถใช้ชำระค่าสินค้าที่โลตัสได้ทุกสาขา ยกเว้นสินค้าประเภทสุรา บุหรี่และยาสูบ, ศูนย์อาหาร, บิลเพย์เมนท์, ค่าธรรมเนียม, บัตรเติมเงินทุกประเภท, บัตรของขวัญ, โลตัส ช้อปออนไลน์ และร้านค้าในบริเวณพื้นที่เช่าของโลตัสค่ะหากมีคำถามเพิ่มเติม สามารถสอบถามน้องบัวได้เลยนะคะ ขอบคุณที่ใช้บริการค่ะ",,,Customer Service,Offline
235,doc_id_th_235,doc_id_en_235,"หากต้องการซื้อบัตรกิ๊บการ์ดยอด 10,000 บาทขึ้นไปซื้อได้ที่ไหน",,,,,"สั่งซื้อบัตรของขวัญมูลค่าที่มีมูลค่ากว่ากว่า 10,000 บาท ขึ้นไป สามารถติดต่อใช้บริการได้ที่จุดบริการของ โลตัสไฮเปอร์มาร์เก็ต (สาขาใหญ่) ได้ 10 สาขาดังนี้ พระราม 2, พระราม 3, พระราม 4, สุขุมวิท 50, บางใหญ่, ฟอร์จูน, รามอินทรา, แจ้งวัฒนะ, สุขุมวิท 50, บางนา และ ลาดพร้าว หรือติดต่อแจ้งรายละเอียดคำสั่งซื้อได้ทางอีเมล: giftcard_th@lotuss.com โทร: 02-797-9000 ต่อ 6415, 5814 (วันทำการจันทร์-ศุกร์ เวลา 09:00 - 17:00 น.) Lotus's Call Center โทร 1430 กด 3 (ทุกวัน ตั้งแต่เวลา 9:00 น. ถึง 23:00 น.)",,,Customer Service,Offline
236,doc_id_th_236,doc_id_en_236,สาขามีบริการห้องน้ำหรือไม่คะ,,,,,จะมีให้บริการห้องน้ำในสาขาเฉพาะโลตัสไฮเปอร์มาร์เก็ต(สาขาใหญ่) และ โกเฟรช ซุปเปอร์มาร์เก็ต เท่านั้นค่ะ,,,Customer Service,Offline
237,doc_id_th_237,doc_id_en_237,โลตัสคอยน์ คืออะไร,,,,,"โลตัสคอยน์คือคะแนนสะสมพิเศษที่คุณลูกค้าจะได้รับเมื่อซื้อสินค้าที่ร่วมรายการกับโลตัส ซึ่งสามารถสะสมและใช้แลกเป็นสิทธิพิเศษได้ โดยมีรายละเอียดดังนี้ค่ะ การสะสมคะแนน:ทุก ๆ การซื้อสินค้าที่ร่วมรายการครบ 50 บาท คุณลูกค้าจะได้รับ 0.5% เป็นโลตัสคอยน์ ตัวอย่างเช่น หากคุณลูกค้าซื้อสินค้ามูลค่า 1,000 บาท จะได้รับ 5 โลตัสคอยน์ การใช้โลตัสคอยน์:โลตัสคอยน์สามารถนำไปใช้แทนเงินสดเพื่อรับส่วนลดในการซื้อสินค้าที่ร่วมรายการที่โลตัสทุกสาขา หรือ โลตัสช้อปออนไลน์ นอกจากนี้ คุณลูกค้ายังสามารถใช้โลตัสคอยน์แลกสิทธิพิเศษ เช่น พริวิเลจดีล คูปองส่วนลด คูปองเงินสด และข้อเสนอจากพาร์ทเนอร์ต่าง ๆ ผ่าน โลตัส สมาร์ท แอป การตรวจสอบยอดโลตัสคอยน์: คุณลูกค้าสามารถเช็คยอดสะสมได้ตลอดเวลาผ่านช่องทางดังนี้ค่ะ Lotus Smart App: เข้าเมนู ""มายโลตัส"" ใบเสร็จรับเงิน: ดูได้ที่ท้ายใบเสร็จ Line Official: กดเมนู ""สมาชิกมายโลตัส"" ศูนย์บริการลูกค้า: โทร 1430 กด 1 ได้ทุกวันตั้งแต่เวลา 9:00 – 23:00 น. ค่ะ หมายเหตุ: โลตัสคอยน์ 1 เหรียญ มีมูลค่าเท่ากับ 1 บาท ใช้เป็นส่วนลดแทนเงินสดได้เลยค่ะ หากมีคำถามเพิ่มเติม สามารถสอบถามน้องบัวได้เลยนะคะ ขอบคุณที่ใช้บริการค่ะ",,,Customer Service,My Lotus's
238,doc_id_th_238,doc_id_en_238,ต้องการติดต่อโลตัสโบรคเกอร์ / ประกันภัย,,,,,กรณีต้องการติดต่อโลตัสโบรกเกอร์ / ประกันภัย สามารถติตด่อสอบถามเจ้าหน้าที่ได้ที่หมายเลข 02-6278888 ค่ะ,,,Customer Service,Offline
239,doc_id_th_239,doc_id_en_239,ต้องการติดต่อคู่ค้าสัมพันธ์โลตัส,,,,,เฉพาะคู่ค้าโลตัส สามารถติดต่อส่วนบริการคู่ค้าสัมพันธ์ได้ที่ อีเมล: THsupplierhelpline@lotuss.com หรือหมายเลขโทรศัพท์  02-7979977 เฉพาะเวลาทำการ (จันทร์ – ศุกร์) เวลา 08:00 – 17:00 น.ค่ะ,,,Customer Service,Offline
240,doc_id_th_240,doc_id_en_240,ต้องการสมัครร้านค้าในโลตัส,,,,,หากคุณลูกค้าสนใจสมัครร้านค้ากับโลตัส สามารถดูรายละเอียดเพิ่มเติมได้ที่ https://corporate.lotuss.com/recruit-new-shop/ ค่ะหากมีคำถามเพิ่มเติม สามารถสอบถามน้องบัวได้เลยนะคะ ขอบคุณที่ใช้บริการค่ะ,,,Customer Service,Offline
241,doc_id_th_241,doc_id_en_241,ต้องการเสนอพื้นที่เช่าให้โลตัส,,,,,หากคุณลูกค้าสนใจเสนอพื้นที่เช่า สามารถส่งเอกสารสำเนาโฉนดที่ดิน ขนาดพื้นที่ พิกัด เบอร์โทร และค่าเช่าที่ต้องการ มาที่อีเมลตามเขตพื้นที่ที่ระบุในเว็บไซต์ https://corporate.lotuss.com/property/ ค่ะหากมีคำถามเพิ่มเติม สามารถสอบถามน้องบัวได้เลยนะคะ ขอบคุณที่ใช้บริการค่ะ,,,Customer Service,Offline
242,doc_id_th_242,doc_id_en_242,ต้องการซื้อ e-Coupons,,,,,"สำหรับ E-Coupons มูลค่าที่สามารถซื้อได้คือ 50 / 100 / 200 / 300 / 500 / 1,000 บาทค่ะ และการสั่งซื้อแต่ละครั้งต้องมียอดขั้นต่ำ 10,000 บาทค่ะ หากต้องการทราบข้อมูลเพิ่มเติมเกี่ยวกับวิธีการซื้อและเงื่อนไขการใช้งาน E-Coupons คุณสามารถสอบถามเพิ่มเติมได้ที่ 1430 ทุกวันตั้งแต่เวลา 9:00 น. ถึง 23:00 น. หากมีคำถามเพิ่มเติม สามารถสอบถามน้องบัวได้เลยนะคะ ขอบคุณที่ใช้บริการค่ะ",,,Gift Card,Offline
243,doc_id_th_243,doc_id_en_243,การซื้อ e-Coupons,,,,,"สำหรับการซื้ออีคูปอง มีมูลค่าที่สามารถซื้อได้คือ 50 / 100 / 200 / 300 / 500 / 1,000 บาทค่ะ และการสั่งซื้อแต่ละครั้งต้องมียอดขั้นต่ำ 10,000 บาทค่ะ หากมีคำถามเพิ่มเติม สามารถสอบถามน้องบัวได้เลยนะคะ ขอบคุณที่ใช้บริการค่ะ",,,Gift Card,Offline
244,doc_id_th_244,doc_id_en_244,โลตัสมีกี่สาขา ,,,,,"โลตัสในประเทศไทยมีทั้งหมดประมาณ 2,000 กว่าสาขา โดยจะมีรูปแบบร้านค้า 1.ไฮเปอร์มาร์เก็ต(สาขาใหญ่) 2.โกเฟรช ซุปเปอร์มาร์เก็ต และ โกเฟรช มินิซุปเปอร์มาร์เก็ต ค่ะ",,,Customer Service,Offline
245,doc_id_th_245,doc_id_en_245,วันหมดอายุบัตรกิ๊ฟการ์ด,,,,,"บัตรของขวัญโลตัส (Lotus's Gift Card) จะไม่มีวันหมดอายุค่ะ 
หากมีคำถามเพิ่มเติม สามารถสอบถามน้องบัวได้เลยนะคะ ขอบคุณที่ใช้บริการค่ะ",,,Gift Card,Offline
246,doc_id_th_246,doc_id_en_246,ค่าธรรมเนียมฝากเงินธนาคารกสิกรหรือไม่,,,,,สำหรับค่าธรรมเนียมบริการรับฝากเงินคือ 15 บาท / รายการค่ะ ,,,Bill Payment,Offline
247,doc_id_th_247,doc_id_en_247,เบอร์โทรสาขาอ่างศิลา,,,,,เบอร์สาขามินิ ซูเปอร์มาร์เก็ต_อ่างศิลา 0626057726 ,,,Customer Service,Offline
248,doc_id_th_248,doc_id_en_248,สามารถสั่งซื้อ e-Coupons ได้ผ่านช่องทางไหน,,,,,"สำหรับการสั่งซื้อ E-Coupons สามารถสั่งซื้อได้โดยตรงผ่านอีเมล์ lotusecoupons@lotuss.com หรือ ฝากเรื่องไว้กับเจ้าหน้าที่ที่หมายเลข 1430 กด 3 
โดยมีรายละเอียดเพิ่มเติมในการสั่งซื้อ E-Coupons ดังนี้
• สำหรับการซื้อครั้งแรก จะต้องการแนบเอกสารตามด้านล่าง เพื่อเปิดหน้าบัญชี (ระยะเวลาในการดำเนินการประมาณ 2 สัปดาห์)
 - ลูกค้าที่สั่งซื้อในนามบุคคล แนบส่งเอกสารสำเนาบัตรประชาชน
 - ลูกค้าที่สั่งซื้อในนามบริษัท แนบส่งสำเนา ภพ.20 และหนังสือรับรองบริษัท
• กรอกข้อมูลลงใน “แบบฟอร์มสั่งซื้อ Lotus’s e-Coupons จากนั้นส่งกลับที่ อีเมล lotusecoupons@lotuss.com
 หากต้องการทราบข้อมูลเพิ่มเติมเกี่ยวกับการสั่งซื้อ e-Coupons คุณสามารถสอบถามเพิ่มเติมได้ที่ 1430 กด 3 ทุกวันตั้งแต่เวลา 9:00 น. ถึง 23:00 น. หากมีคำถามเพิ่มเติม สามารถสอบถามน้องบัวได้เลยนะคะ ขอบคุณที่ใช้บริการค่ะ
",,,Gift Card,Offline
249,doc_id_th_249,doc_id_en_249,เงื่อนไขการใช้Lotus’s E-Coupons,,,,,"เงื่อนไขการใช้ Lotus’s E-Coupons มีดังนี้
- สามารถใช้ซื้อสินค้าที่โลตัสทุกสาขาและต้องใช้ก่อนวันหมดอายุ
- E-Coupons ไม่สามารถถอน เปลี่ยนเป็นเงินสดหรือรูปแบบการชำระอื่นและไม่สามารถทอนส่วนต่างเป็นเงินสด กรณีซื้อสินค้าน้อยกว่ามูลค่าของ E-Coupons 
- สามารถใช้ได้เพียงครั้งเดียว
- ไม่สามารถใช้ซื้อสินค้าประเภทเครื่องดื่มแอลกอฮอล์ บุหรี่ บัตรและบริการเติมเงิน บัตรของขวัญ นมดัดแปลงสำหรับทารกและนมดัดแปลงสูตรต่อเนื่องสำหรับทารกและเด็ก (สูตร 1 และ 2 ) บริการชำระบิลและค่าธรรมเนียม บริการไปรษณีย์ ศูนย์อาหาร โลตัสช้อปออนไลน์ และสินค้า/ร้านค้าในบริเวณพื้นที่เช่าของโลตัส 
- การใช้งาน E-Coupons จะต้องกดรับสิทธิ์ที่หน้าเคาน์เตอร์แคชเชียร์เท่านั้น ขอสงวนสิทธิ์ไม่ให้ใช้รูปภาพที่มีการบันทึกเก็บไว้ หรือพิมพ์บนกระดาษ 
- ส่วนลดจากการใช้ จะไม่ถูกนำมาคำนวณเป็นแต้มสมาชิก (คอยน์)
- บริษัทฯ ขอสงวนสิทธิ์ในการเปลียนแปลงเงื่อนไขโดยไม่จำเป็นต้องแจ้งให้ทราบล่วงหน้า ",,,Gift Card,Offline
250,doc_id_th_250,doc_id_en_250,ต้องการร้องเรียน,,,,,"ท่านสามารถติดต่อส่วนงานบริการลูกค้าได้ตามช่องทางดังนี้ค่ะ
- Inbox FB Lotus's Official 💬
- อีเมล: customer-service@lotuss.com 📧
- เว็บไซต์: https://corporate.lotuss.com/contact-us/ 🌐
- โทรศัพท์: 1430 ☎️
กด 1: สมาชิก My Lotus
กด 2: Lotus Shop Online
กด 3: จ่ายบิล/เติมเงิน/ฝากเงิน/ส่งพัสดุ/ซื้อบัตรของขวัญ
กด 4: ลูกค้าสัมพันธ์
กด 5: ลูกค้ากลุ่มธุรกิจ",,,Gift Card,All
251,doc_id_th_251,doc_id_en_251,โลตัส มีกี่รูปแบบ,,,,,"จะมีรูปแบบการให้บริการทั้งหมด 3 รูปแบบสาขาคือ 
1. Hypermarket (สาขาใหญ่)
2. Go fresh Supermarket (โกเฟรช ซุปเปอร์มาร์เก็ต)
3. Go fresh Minisupermarket (สาขาเล็ก)",,,Customer Service,All
252,doc_id_th_252,doc_id_en_252,ตอนนี้มีโปรโมชั่นอะไรบ้าง,,,,,"คุณลูกค้าสามารถตรวจสอบโปรโมชั่นเพิ่มเติมได้ที่ลิงก์นี้ค่ะ: https://www.lotuss.com/th/promotion 🌐
หากมีคำถามเพิ่มเติม สามารถสอบถามน้องบัวได้เลยนะคะ ขอบคุณที่ใช้บริการค่ะ",,,Customer Service,All
253,doc_id_th_253,doc_id_en_253,สอบถามราคาสินค้าได้มั้ย,,,,,"หากต้องการทราบข้อมูลราคาสินค้า สามารถตรวจสอบได้ที่เว็บไซต์ โลตัส หรือที่สาขาโลตัสที่ใกล้บ้านคุณได้เลยค่ะ 
หากมีคำถามเพิ่มเติม สามารถสอบถามน้องบัวได้เลยนะคะ ขอบคุณที่ใช้บริการค่ะ",,,Customer Service,All